선행품목,후행품목,선행품목hs4,후행품목hs4,최적지연기간,상관계수
AANGBULD,DDEXPPXU,4810,2807,11,-5.278983842873471
AANGBULD,GKQIJYDH,4810,8501,12,4.159172772844538
AANGBULD,GYHKIVQT,4810,8505,10,-0.8954552925785438
AANGBULD,HCDTGMST,4810,6006,5,-13.821071360967174
AANGBULD,IGDVVKUD,4810,3824,12,15.185735067759413
AANGBULD,KJNSOAHR,4810,8479,5,2.52739565298768
AANGBULD,OJIFIHMZ,4810,3815,12,-3.3566915444317593
AANGBULD,OXKURKXR,4810,5402,8,3.222626471960769
AANGBULD,UIFPPCLR,4810,8102,12,-5.681279170572245
AANGBULD,XIIEJNEE,4810,3815,2,-26.256650398162826
AHMDUILJ,AANGBULD,2102,4810,10,2.049325726196724
AHMDUILJ,ATLDMDBO,2102,2814,4,0.1138553968295047
AHMDUILJ,ELQGMQWE,2102,2002,7,0.19349841456020828
AHMDUILJ,GKQIJYDH,2102,8501,6,0.3622157306054846
AHMDUILJ,JERHKLYW,2102,4601,2,0.5127318128125635
AHMDUILJ,MIRCVAMV,2102,4408,3,-2.0473872986452997
AHMDUILJ,OJIFIHMZ,2102,3815,11,-0.3331053313516243
AHMDUILJ,SAHWCZNH,2102,2825,12,0.25327221900891433
AHMDUILJ,SNHYOVBM,2102,3824,10,-0.988829435780344
AHMDUILJ,TGOELCAG,2102,7207,5,-2.3307361138301235
AHMDUILJ,UGEQLMXM,2102,8714,10,0.13916347012879404
AHMDUILJ,UIFPPCLR,2102,8102,7,0.5466251688931268
AHMDUILJ,XIIEJNEE,2102,3815,12,-1.663409517852934
AHMDUILJ,ZCELVYQU,2102,8461,3,1.481719481370094
ANWUJOKX,AHMDUILJ,4403,2102,9,-1.399157453897079
ANWUJOKX,BTMOEMEP,4403,3102,9,-1.2633290039373768
ANWUJOKX,LPHPPJUG,4403,3824,5,0.5274242295971999
ANWUJOKX,OGAFEHLU,4403,7202,2,-20.438115400798555
ANWUJOKX,STZDBITS,4403,3815,8,1.3428746742385156
ANWUJOKX,TANNMIMB,4403,4302,8,8.05655469549015
ANWUJOKX,UQYUIVVR,4403,8501,10,-7.34507745685943
ANWUJOKX,XIPPENFQ,4403,2501,7,1.4440953748877365
ANWUJOKX,XMKRPGLB,4403,2529,2,3.119272040028431
ANWUJOKX,ZKENOUDA,4403,2805,6,-3.6116500083736462
APQGTRMF,DBWLZWNK,8105,5602,6,0.8270811189870594
APQGTRMF,SNHYOVBM,8105,3824,2,5.5695294854611745
APQGTRMF,UGEQLMXM,8105,8714,6,-0.6856745553234641
APQGTRMF,WQMVCOEM,8105,2805,5,-5.251000415583697
ATLDMDBO,ANWUJOKX,2814,4403,4,-0.8337116650562889
ATLDMDBO,BEZYMBBT,2814,3207,12,0.04049353642812049
ATLDMDBO,DBWLZWNK,2814,5602,3,0.11754021523454475
ATLDMDBO,DEWLVASR,2814,3038,3,-0.5117692189008303
ATLDMDBO,FTSVTTSR,2814,2529,10,0.4694626830186148
ATLDMDBO,LTOYKIML,2814,3909,2,-0.17969233585479327
ATLDMDBO,OGAFEHLU,2814,7202,6,1.562302490511121
ATLDMDBO,OJIFIHMZ,2814,3815,7,-0.17392868301625644
ATLDMDBO,PYZMVUWD,2814,3824,3,1.2743667197162698
ATLDMDBO,QSDCUCLB,2814,2710,7,-0.42028409309660664
ATLDMDBO,SNHYOVBM,2814,3824,6,-0.5610265261283169
ATLDMDBO,TANNMIMB,2814,4302,12,-0.3904964759628484
ATLDMDBO,TGOELCAG,2814,7207,2,1.8737284789470823
ATLDMDBO,XMKRPGLB,2814,2529,6,-0.17753462665201072
ATLDMDBO,ZGJXVMNI,2814,3006,10,0.04179248613099711
AXULOHBQ,APQGTRMF,5515,8105,4,0.7958283373197842
AXULOHBQ,ATLDMDBO,5515,2814,9,-0.07579232514814678
AXULOHBQ,BLANHGYY,5515,9022,4,-1.744403041353927
AXULOHBQ,KJNSOAHR,5515,8479,5,0.194701385047844
AXULOHBQ,MIRCVAMV,5515,4408,8,1.585218472781453
AXULOHBQ,OKMBFVKS,5515,5705,5,0.04019503289401713
AXULOHBQ,SAAYMURU,5515,3215,8,-0.3146710658163525
AXULOHBQ,VUAFAIYJ,5515,6101,7,-0.16795338931473475
AXULOHBQ,XIPPENFQ,5515,2501,10,0.14953288942648874
BEZYMBBT,AANGBULD,3207,4810,2,-1.0903808807121596
BEZYMBBT,AHMDUILJ,3207,2102,12,-0.06967252113885387
BEZYMBBT,DBWLZWNK,3207,5602,2,-0.07885835843719459
BEZYMBBT,HXYSSRXE,3207,2836,6,0.026312775490568003
BEZYMBBT,JPBRUTWP,3207,3904,9,-0.02594043204656146
BEZYMBBT,QSDCUCLB,3207,2710,11,0.35542295670478935
BEZYMBBT,RJGPVEXX,3207,2811,2,-0.08553519929980957
BEZYMBBT,TGOELCAG,3207,7207,5,1.1784738390664642
BEZYMBBT,WPQXWHYO,3207,2811,8,0.03800685611352347
BEZYMBBT,XIIEJNEE,3207,3815,4,0.9489202505620378
BEZYMBBT,XMKRPGLB,3207,2529,6,-0.14866664903733634
BJALXPFS,BLANHGYY,2847,9022,8,2.8105717629031397
BJALXPFS,DEWLVASR,2847,3038,6,1.3835491704363938
BJALXPFS,EVBVXETX,2847,3404,4,-0.06862422520591033
BJALXPFS,FDXPMYGF,2847,7907,11,1.2552302006978024
BJALXPFS,FITUEHWN,2847,8714,9,-0.29568760911438896
BJALXPFS,FTSVTTSR,2847,2529,12,1.6144433797352826
BJALXPFS,QRKRBYJL,2847,2841,3,0.3038736191672062
BJALXPFS,QSDCUCLB,2847,2710,9,-1.0744404344594256
BJALXPFS,TANNMIMB,2847,4302,10,-1.2656495064832696
BJALXPFS,UGEQLMXM,2847,8714,5,-0.24685762809869627
BJALXPFS,WHPUAOID,2847,5512,10,1.8556492241598517
BJALXPFS,WPQXWHYO,2847,2811,12,0.12757758035449956
BJALXPFS,XIFHSOWQ,2847,8708,5,0.47017483841300556
BJALXPFS,XIPPENFQ,2847,2501,5,-0.27198983296888507
BJALXPFS,YSYHGLQK,2847,2807,11,1.141069767523935
BJALXPFS,ZKENOUDA,2847,2805,4,0.6746629107875394
BLANHGYY,AANGBULD,9022,4810,8,-21.057375504189416
BLANHGYY,MBSBZBXA,9022,2846,10,2.2727406770359844
BLANHGYY,QJQJSWFU,9022,3307,12,-1.7535946775548354
BLANHGYY,QKXNTIIB,9022,8501,5,1.9548988247353638
BLANHGYY,QVLMOEYE,9022,4202,4,-0.7727689101655857
BLANHGYY,RJGPVEXX,9022,2811,3,2.045662950661863
BLANHGYY,UGEQLMXM,9022,8714,11,1.5513890584680343
BLANHGYY,UIFPPCLR,9022,8102,9,-5.581754995880162
BLANHGYY,VUAFAIYJ,9022,6101,3,2.3198635174236175
BLANHGYY,XIPPENFQ,9022,2501,3,-2.0042675368739213
BLANHGYY,ZKENOUDA,9022,2805,9,4.5057533995545
BSRMSVTC,AHMDUILJ,2805,2102,5,0.3881652690696586
BSRMSVTC,LLHREMKS,2805,2807,6,-0.42817239592919587
BSRMSVTC,LSOIUSXD,2805,5111,5,-0.4117763924951509
BSRMSVTC,MBSBZBXA,2805,2846,12,0.48151245604480003
BSRMSVTC,MIRCVAMV,2805,4408,2,4.669100224285811
BSRMSVTC,OJIFIHMZ,2805,3815,10,0.5764583860073038
BSRMSVTC,OXKURKXR,2805,5402,5,0.4609800090540399
BSRMSVTC,QVLMOEYE,2805,4202,6,-0.11401988396204807
BSRMSVTC,RJGPVEXX,2805,2811,6,-0.347351362696105
BSRMSVTC,TANNMIMB,2805,4302,5,1.6325372342258864
BSRMSVTC,WBLJNPZQ,2805,5309,11,0.28079934156874065
BSRMSVTC,WHPUAOID,2805,5512,5,-2.61649578529462
BSRMSVTC,WPQXWHYO,2805,2811,3,-0.14128961682753408
BSRMSVTC,XUOIQPFL,2805,5205,10,-0.12276841017922713
BTMOEMEP,APQGTRMF,3102,8105,10,-0.8036455249960971
BTMOEMEP,BEZYMBBT,3102,3207,9,0.0804824858473677
BTMOEMEP,DBWLZWNK,3102,5602,11,-0.1610478951642213
BTMOEMEP,DNMPSKTB,3102,2811,7,0.053474426416503885
BTMOEMEP,OXKURKXR,3102,5402,8,0.23209235659167446
BTMOEMEP,QRKRBYJL,3102,2841,9,0.15573979249673284
BTMOEMEP,SNHYOVBM,3102,3824,11,0.8643495750461376
BTMOEMEP,UGEQLMXM,3102,8714,4,-0.1538131763486962
BTMOEMEP,XMKRPGLB,3102,2529,11,0.32228944668085147
BUZIIBYG,AHMDUILJ,9403,2102,10,0.04968461656900387
BUZIIBYG,BEZYMBBT,9403,3207,12,0.0201083569979035
BUZIIBYG,BTMOEMEP,9403,3102,3,0.05285621670281076
BUZIIBYG,DJBLNPNC,9403,2805,10,-0.3319552262866943
BUZIIBYG,EVBVXETX,9403,3404,5,0.015507843255276633
BUZIIBYG,FDXPMYGF,9403,7907,12,-0.30300080156460774
BUZIIBYG,FITUEHWN,9403,8714,10,0.06328708818982909
BUZIIBYG,FQCLOEXA,9403,8102,10,-0.029308477454582173
BUZIIBYG,FTSVTTSR,9403,2529,11,-0.2348605005414767
BUZIIBYG,KJNSOAHR,9403,8479,7,0.06144017990102022
BUZIIBYG,LPHPPJUG,9403,3824,12,0.015944644467630026
BUZIIBYG,QRKRBYJL,9403,2841,2,-0.054485327314245255
BUZIIBYG,QSDCUCLB,9403,2710,4,-0.2534979982433978
BUZIIBYG,UGEQLMXM,9403,8714,7,-0.056543476405710086
BUZIIBYG,UIFPPCLR,9403,8102,4,-0.16419505193401682
CCLHWFWF,NZKBIBNU,6211,5609,3,0.07529652942508677
CCLHWFWF,OGAFEHLU,6211,7202,3,1.4335741893336136
CCLHWFWF,ZGJXVMNI,6211,3006,7,0.05007645001528042
DBWLZWNK,FDXPMYGF,5602,7907,8,0.8011016654233482
DBWLZWNK,FQCLOEXA,5602,8102,3,-0.07021963364604414
DBWLZWNK,SUOYXCHP,5602,2805,10,1.2772020797600485
DBWLZWNK,XMKRPGLB,5602,2529,3,-0.2787933028960847
DDEXPPXU,AXULOHBQ,2807,5515,10,-0.4343886979509565
DDEXPPXU,BUZIIBYG,2807,9403,7,0.11648087665388748
DDEXPPXU,CCLHWFWF,2807,6211,10,0.27552092134250494
DDEXPPXU,JBVHSUWY,2807,1210,5,0.9522456868971328
DDEXPPXU,LPHPPJUG,2807,3824,2,-0.18596907977518326
DDEXPPXU,LRVGFDFM,2807,3102,11,1.193754192326565
DDEXPPXU,LSOIUSXD,2807,5111,6,-0.4489105179836003
DDEXPPXU,OXKURKXR,2807,5402,5,-0.8462120760317751
DDEXPPXU,SAHWCZNH,2807,2825,11,0.551173821256753
DDEXPPXU,VBYCLTYZ,2807,8505,8,-0.3717208073975559
DDEXPPXU,VMAQSTJE,2807,8527,8,-0.5682436733172316
DEWLVASR,AANGBULD,3038,4810,10,-8.64847335181715
DEWLVASR,AHMDUILJ,3038,2102,9,0.8740293530170237
DEWLVASR,BEZYMBBT,3038,3207,8,0.4675437937575172
DEWLVASR,DDEXPPXU,3038,2807,10,2.4890128992265734
DEWLVASR,FITUEHWN,3038,8714,5,-0.9015842925874086
DEWLVASR,FTSVTTSR,3038,2529,6,7.150374279255002
DEWLVASR,JBVHSUWY,3038,1210,12,1.7474522877947913
DEWLVASR,JERHKLYW,3038,4601,7,-2.073999544535699
DEWLVASR,KJNSOAHR,3038,8479,7,-0.970323719009112
DEWLVASR,NAQIHUKZ,3038,3813,4,-6.3844722456518905
DEWLVASR,RJGPVEXX,3038,2811,9,0.6373220611300102
DEWLVASR,ROACSLMG,3038,8505,4,0.41910175034091
DEWLVASR,SAAYMURU,3038,3215,3,1.655961571032925
DEWLVASR,STZDBITS,3038,3815,8,-0.927726301541293
DEWLVASR,TANNMIMB,3038,4302,4,-4.290703394174646
DEWLVASR,UQYUIVVR,3038,8501,10,7.566146211398794
DEWLVASR,VMAQSTJE,3038,8527,5,-1.3395750648812503
DEWLVASR,XIFHSOWQ,3038,8708,3,1.2841849023073066
DEWLVASR,YSYHGLQK,3038,2807,5,4.555935440944753
DJBLNPNC,BLANHGYY,2805,9022,4,-13.453562633633775
DJBLNPNC,LSOIUSXD,2805,5111,6,-1.4081489716611746
DJBLNPNC,OJIFIHMZ,2805,3815,9,2.2816763107886544
DJBLNPNC,OXKURKXR,2805,5402,6,1.8297832570718564
DJBLNPNC,SAAYMURU,2805,3215,10,-2.66656868486227
DJBLNPNC,TANNMIMB,2805,4302,7,-6.290920197588285
DJBLNPNC,TGOELCAG,2805,7207,12,15.134080221764039
DJBLNPNC,UIFPPCLR,2805,8102,9,4.253591717635116
DJBLNPNC,XIPPENFQ,2805,2501,3,1.429286542278957
DJBLNPNC,ZKENOUDA,2805,2805,4,-3.4756393948430935
DNMPSKTB,DEWLVASR,2811,3038,6,-0.2798523211805306
DNMPSKTB,FWUCPMMW,2811,2701,9,0.3604612769159517
DNMPSKTB,HXYSSRXE,2811,2836,8,0.020229475129462465
DNMPSKTB,LTOYKIML,2811,3909,4,0.11572330019971175
DNMPSKTB,MBSBZBXA,2811,2846,2,-0.08137618360706973
DNMPSKTB,QJQJSWFU,2811,3307,6,0.07231183869136477
DNMPSKTB,QVLMOEYE,2811,4202,2,-0.02755766108647976
DNMPSKTB,SDWAYPIK,2811,7207,7,0.050297095878863426
DNMPSKTB,XIFHSOWQ,2811,8708,9,-0.11223167021590334
DNMPSKTB,XMKRPGLB,2811,2529,3,-0.12424110641334994
DNMPSKTB,YSYHGLQK,2811,2807,9,0.25291233272806757
DNMPSKTB,ZKENOUDA,2811,2805,7,0.19012629897434177
DUCMGGNW,ANWUJOKX,3806,4403,7,-1.636715725268839
DUCMGGNW,ATLDMDBO,3806,2814,3,0.11252591801899696
DUCMGGNW,BLANHGYY,3806,9022,12,-1.768092450243966
DUCMGGNW,BUZIIBYG,3806,9403,2,-0.063746076994555
DUCMGGNW,DEWLVASR,3806,3038,6,-1.1594221345225821
DUCMGGNW,DJBLNPNC,3806,2805,12,1.29131228456239
DUCMGGNW,FITUEHWN,3806,8714,12,-0.20321365042824735
DUCMGGNW,FQCLOEXA,3806,8102,7,-0.08071149862539742
DUCMGGNW,FTSVTTSR,3806,2529,12,-1.1208199745987906
DUCMGGNW,HCDTGMST,3806,6006,4,-1.7205381240220934
DUCMGGNW,IGDVVKUD,3806,3824,12,-1.2611025669429152
DUCMGGNW,JPBRUTWP,3806,3904,12,-0.05979947061255814
DUCMGGNW,LLHREMKS,3806,2807,4,0.23117860916658153
DUCMGGNW,MIRCVAMV,3806,4408,12,-1.7989039441418224
DUCMGGNW,OGAFEHLU,3806,7202,9,1.960994663141528
DUCMGGNW,RCBZUSIM,3806,2805,7,0.5193313076411834
DUCMGGNW,ROACSLMG,3806,8505,11,0.0724555764878177
DUCMGGNW,SNHYOVBM,3806,3824,9,-0.9064956060765292
DUCMGGNW,UGEQLMXM,3806,8714,8,-0.1551316470304342
DUCMGGNW,UXSPKBJR,3806,3206,3,0.3142088129224703
DUCMGGNW,VBYCLTYZ,3806,8505,11,0.14098631414943755
DUCMGGNW,VMAQSTJE,3806,8527,12,-0.22920913510593308
DUCMGGNW,WHPUAOID,3806,5512,11,1.42497268336591
DUCMGGNW,XIFHSOWQ,3806,8708,10,0.24775150068414847
DUCMGGNW,XIPPENFQ,3806,2501,7,0.17761119486367485
DUCMGGNW,ZKENOUDA,3806,2805,7,0.5750529378085264
ELQGMQWE,APQGTRMF,2002,8105,11,-0.7509307648770494
ELQGMQWE,ATLDMDBO,2002,2814,8,-0.11468398199318598
ELQGMQWE,BEZYMBBT,2002,3207,11,-0.06650565331685873
ELQGMQWE,FWUCPMMW,2002,2701,12,1.0464567793327328
ELQGMQWE,GKQIJYDH,2002,8501,10,-0.3891359424733871
ELQGMQWE,OKMBFVKS,2002,5705,2,-0.04963529625457499
ELQGMQWE,QRKRBYJL,2002,2841,11,-0.17003888290480823
ELQGMQWE,QVLMOEYE,2002,4202,9,0.05700445078668282
ELQGMQWE,SAHWCZNH,2002,2825,5,0.2990046797690845
ELQGMQWE,TGOELCAG,2002,7207,10,-2.0082170865532616
ELQGMQWE,UIFPPCLR,2002,8102,6,0.6747143993094005
ELQGMQWE,VBYCLTYZ,2002,8505,10,-0.15777556202896997
ELQGMQWE,XUOIQPFL,2002,5205,11,-0.07006647574259556
ELQGMQWE,ZCELVYQU,2002,8461,7,-1.4470818363925533
ELQGMQWE,ZGJXVMNI,2002,3006,5,-0.09014514365561913
EVBVXETX,DEWLVASR,3404,3038,8,0.24066388903402536
EVBVXETX,FQCLOEXA,3404,8102,10,-0.02522509166682801
EVBVXETX,FTSVTTSR,3404,2529,8,-0.2127544078392956
EVBVXETX,HCDTGMST,3404,6006,5,-0.4170888515881862
EVBVXETX,JSLXRQOK,3404,5119,10,0.20693466460100185
EVBVXETX,KJNSOAHR,3404,8479,2,0.08037220758521292
EVBVXETX,LSOIUSXD,3404,5111,8,-0.045122786735470426
EVBVXETX,MIRCVAMV,3404,4408,12,0.5949285521193325
EVBVXETX,RAWUKQMJ,3404,2916,3,-0.020833036165575452
EVBVXETX,RCBZUSIM,3404,2805,10,0.12439441123716007
EVBVXETX,ROACSLMG,3404,8505,12,0.02805359350395222
EVBVXETX,SAAYMURU,3404,3215,10,-0.09674569577298806
EVBVXETX,STZDBITS,3404,3815,11,-0.042655302180983096
EVBVXETX,VMAQSTJE,3404,8527,9,0.07369877863669709
EVBVXETX,WHPUAOID,3404,5512,8,-0.29337843755258336
FCYBOAXC,BEZYMBBT,3824,3207,3,-0.011604899612026981
FCYBOAXC,BSRMSVTC,3824,2805,8,0.04384275439028816
FCYBOAXC,BTMOEMEP,3824,3102,8,0.026446170265442676
FCYBOAXC,JBVHSUWY,3824,1210,10,-0.05611993148132313
FCYBOAXC,KJNSOAHR,3824,8479,12,0.03127605106556685
FCYBOAXC,PYZMVUWD,3824,3824,8,0.31012260665651376
FCYBOAXC,SAAYMURU,3824,3215,2,0.0531633104383071
FCYBOAXC,STZDBITS,3824,3815,3,0.024903149486858064
FCYBOAXC,VUAFAIYJ,3824,6101,3,0.03398521420076599
FCYBOAXC,XIPPENFQ,3824,2501,12,0.023448084368157374
FDXPMYGF,AANGBULD,7907,4810,6,12.223159813383523
FDXPMYGF,ANWUJOKX,7907,4403,7,-8.894016943988916
FDXPMYGF,AXULOHBQ,7907,5515,12,0.7221258106445506
FDXPMYGF,DJBLNPNC,7907,2805,8,6.69115377410533
FDXPMYGF,DNMPSKTB,7907,2811,5,-0.36536655584553523
FDXPMYGF,FRHNWLNI,7907,2846,4,0.7899760627438152
FDXPMYGF,KAGJCHMR,7907,8467,7,-4.584439378336609
FDXPMYGF,LTOYKIML,7907,3909,9,-1.7184580408048296
FDXPMYGF,MBSBZBXA,7907,2846,7,1.1496099540527875
FDXPMYGF,NZKBIBNU,7907,5609,12,-0.6666912789494907
FDXPMYGF,PYZMVUWD,7907,3824,3,-9.704310701168916
FDXPMYGF,RCBZUSIM,7907,2805,11,2.6544182151438545
FDXPMYGF,TANNMIMB,7907,4302,5,-5.259047787743675
FDXPMYGF,UQYUIVVR,7907,8501,3,4.983105181095839
FDXPMYGF,XIIEJNEE,7907,3815,7,9.736897174907094
FDXPMYGF,YSYHGLQK,7907,2807,6,4.619447621875393
FITUEHWN,ANWUJOKX,8714,4403,5,1.568226149018098
FITUEHWN,BLANHGYY,8714,9022,3,-2.23056897286936
FITUEHWN,DJBLNPNC,8714,2805,10,-1.8921125701108936
FITUEHWN,ELQGMQWE,8714,2002,11,-0.18805328705114427
FITUEHWN,FDXPMYGF,8714,7907,2,-1.1381265309356012
FITUEHWN,JERHKLYW,8714,4601,6,-0.4224547957596729
FITUEHWN,LPHPPJUG,8714,3824,12,0.07028874532992704
FITUEHWN,LTOYKIML,8714,3909,12,-0.35899859280430185
FITUEHWN,LUENUFGA,8714,2833,2,0.21341683991796534
FITUEHWN,MIRCVAMV,8714,4408,2,2.3878551881307524
FITUEHWN,RJGPVEXX,8714,2811,4,-0.20323415759590568
FITUEHWN,SDWAYPIK,8714,7207,12,0.160873411709789
FITUEHWN,TANNMIMB,8714,4302,3,0.9622937769443056
FITUEHWN,UIFPPCLR,8714,8102,12,0.5638292175318151
FITUEHWN,UQYUIVVR,8714,8501,6,1.10341747270109
FITUEHWN,WBLJNPZQ,8714,5309,7,0.20049239268335745
FITUEHWN,XMKRPGLB,8714,2529,7,0.3491979862460973
FQCLOEXA,AHMDUILJ,8102,2102,7,-0.08094074256531782
FQCLOEXA,ANWUJOKX,8102,4403,9,-0.6530272341134112
FQCLOEXA,BSRMSVTC,8102,2805,2,-0.22138593110235888
FQCLOEXA,FDXPMYGF,8102,7907,2,0.4696129580256739
FQCLOEXA,FITUEHWN,8102,8714,3,0.10485104315561644
FQCLOEXA,FTSVTTSR,8102,2529,4,-0.4000530297455953
FQCLOEXA,LRVGFDFM,8102,3102,6,-0.19764152865941753
FQCLOEXA,LSOIUSXD,8102,5111,6,-0.10889904000842222
FQCLOEXA,NAQIHUKZ,8102,3813,3,-0.6612207174518895
FQCLOEXA,OGAFEHLU,8102,7202,11,1.0119976853199801
FQCLOEXA,QJQJSWFU,8102,3307,8,-0.08922262323980028
FQCLOEXA,RCBZUSIM,8102,2805,7,-0.2494087648712587
FQCLOEXA,UQYUIVVR,8102,8501,9,0.4256597919278115
FQCLOEXA,WBLJNPZQ,8102,5309,12,0.07133976864090397
FQCLOEXA,WHPUAOID,8102,5512,5,0.5560756902896321
FQCLOEXA,ZKENOUDA,8102,2805,12,0.17485355339813002
FRHNWLNI,BTMOEMEP,2846,3102,8,0.1426886929723102
FRHNWLNI,DEWLVASR,2846,3038,7,0.8722383772628658
FRHNWLNI,FCYBOAXC,2846,3824,11,0.022198805338181474
FRHNWLNI,FQCLOEXA,2846,8102,11,-0.05744256717957373
FRHNWLNI,FWUCPMMW,2846,2701,4,1.2733982849459422
FRHNWLNI,LPHPPJUG,2846,3824,5,0.057380049763207014
FRHNWLNI,LTOYKIML,2846,3909,6,0.2996766797431435
FRHNWLNI,NAQIHUKZ,2846,3813,10,1.1025092458052466
FRHNWLNI,PYZMVUWD,2846,3824,10,-1.4478589115741236
FRHNWLNI,QJQJSWFU,2846,3307,6,0.18956268764233938
FRHNWLNI,RCBZUSIM,2846,2805,7,0.6126477058658857
FRHNWLNI,UXSPKBJR,2846,3206,4,-0.17413523078687607
FRHNWLNI,VMAQSTJE,2846,8527,12,-0.20049062822214028
FRHNWLNI,XIFHSOWQ,2846,8708,3,0.24726460521748836
FRHNWLNI,XIPPENFQ,2846,2501,6,-0.17360226125978104
FTSVTTSR,AHMDUILJ,2529,2102,3,0.921560312275992
FTSVTTSR,ANWUJOKX,2529,4403,8,-6.439629800690842
FTSVTTSR,BEZYMBBT,2529,3207,2,0.397548218200152
FTSVTTSR,BSRMSVTC,2529,2805,4,-1.4255751285993625
FTSVTTSR,DNMPSKTB,2529,2811,7,0.3111860698332635
FTSVTTSR,ELQGMQWE,2529,2002,10,1.068015439016877
FTSVTTSR,FRHNWLNI,2529,2846,5,0.8301594061498465
FTSVTTSR,JSLXRQOK,2529,5119,4,-4.075110645983831
FTSVTTSR,LPHPPJUG,2529,3824,9,-0.25219014821283414
FTSVTTSR,LRVGFDFM,2529,3102,2,1.9244002254923744
FTSVTTSR,LTOYKIML,2529,3909,11,2.3366259793467026
FTSVTTSR,MBSBZBXA,2529,2846,8,1.0440938571985212
FTSVTTSR,QVLMOEYE,2529,4202,10,0.32027879095831663
FTSVTTSR,RCBZUSIM,2529,2805,12,2.4478949303081583
FTSVTTSR,SAAYMURU,2529,3215,2,1.7883998823642702
FTSVTTSR,STZDBITS,2529,3815,2,-0.7507001517933444
FTSVTTSR,SUOYXCHP,2529,2805,4,-7.724532407721961
FTSVTTSR,TANNMIMB,2529,4302,2,-3.8896253388732354
FTSVTTSR,UIFPPCLR,2529,8102,10,2.8334496896926686
FTSVTTSR,UQYUIVVR,2529,8501,4,7.441347061472298
FTSVTTSR,WHPUAOID,2529,5512,9,7.158144682963669
FTSVTTSR,ZGJXVMNI,2529,3006,5,0.44587910288036237
FWUCPMMW,AANGBULD,2701,4810,5,-12.595179995591868
FWUCPMMW,DEWLVASR,2701,3038,2,-6.119930344508346
FWUCPMMW,FTSVTTSR,2701,2529,8,-5.6584962256184035
FWUCPMMW,GYHKIVQT,2701,8505,12,0.6392633843785124
FWUCPMMW,JSLXRQOK,2701,5119,11,-5.209072017386568
FWUCPMMW,NAQIHUKZ,2701,3813,7,-9.264057388104499
FWUCPMMW,OJIFIHMZ,2701,3815,11,1.7784480559872453
FWUCPMMW,SAAYMURU,2701,3215,9,2.280466889280103
FWUCPMMW,SNHYOVBM,2701,3824,7,-5.5308736650012
FWUCPMMW,VMAQSTJE,2701,8527,7,1.3998170947127608
GIKPEWTY,BTMOEMEP,7142,3102,5,-1.1716646756480387
GIKPEWTY,BUZIIBYG,7142,9403,3,-0.3321649636880308
GIKPEWTY,FITUEHWN,7142,8714,4,1.5447729438618567
GIKPEWTY,GKQIJYDH,7142,8501,11,-1.822851634193813
GIKPEWTY,JERHKLYW,7142,4601,11,2.024530405838927
GIKPEWTY,LRVGFDFM,7142,3102,7,-2.951367950271493
GIKPEWTY,LTOYKIML,7142,3909,3,-2.0949402964143373
GIKPEWTY,LUENUFGA,7142,2833,3,-1.1974489560349972
GIKPEWTY,QSDCUCLB,7142,2710,7,5.42652047168882
GIKPEWTY,RCBZUSIM,7142,2805,4,-3.7413466416984837
GIKPEWTY,UGEQLMXM,7142,8714,7,1.1311595758216353
GIKPEWTY,VUAFAIYJ,7142,6101,5,-1.3890195339513365
GKQIJYDH,BJALXPFS,8501,2847,3,-0.6656805597867507
GKQIJYDH,BTMOEMEP,8501,3102,6,-0.3611845771236969
GKQIJYDH,DEWLVASR,8501,3038,8,2.0252302556939044
GKQIJYDH,EVBVXETX,8501,3404,6,-0.10502292722168385
GKQIJYDH,FWUCPMMW,8501,2701,5,2.559129124912432
GKQIJYDH,KEUWZRKO,8501,8102,2,1.4176514543104395
GKQIJYDH,LUENUFGA,8501,2833,3,0.38692137297294965
GKQIJYDH,VWMBASNE,8501,2811,2,0.7939862403544167
GKQIJYDH,XIFHSOWQ,8501,8708,11,0.44669754277556173
GKQIJYDH,XIIEJNEE,8501,3815,3,-4.20275405785936
GKQIJYDH,ZXERAXWP,8501,4802,2,0.8052587284756617
GMBFCMIU,ANWUJOKX,3003,4403,5,3.781836057611656
GMBFCMIU,BSRMSVTC,3003,2805,8,0.7471266393097059
GMBFCMIU,DEWLVASR,3003,3038,5,-3.9640178824287924
GMBFCMIU,FDXPMYGF,3003,7907,12,-2.637849803466648
GMBFCMIU,FITUEHWN,3003,8714,10,0.6317920396110326
GMBFCMIU,FQCLOEXA,3003,8102,7,0.22956869246237327
GMBFCMIU,FTSVTTSR,3003,2529,11,-4.00527415739041
GMBFCMIU,HCDTGMST,3003,6006,4,3.6707133818542093
GMBFCMIU,JPBRUTWP,3003,3904,12,0.19330284931412653
GMBFCMIU,KJNSOAHR,3003,8479,12,0.5301659760509814
GMBFCMIU,LSOIUSXD,3003,5111,12,0.4167033057393188
GMBFCMIU,NAQIHUKZ,3003,3813,9,3.1684865595612153
GMBFCMIU,ROACSLMG,3003,8505,9,-0.2610446802312636
GMBFCMIU,SAAYMURU,3003,3215,8,-0.9288233311343481
GMBFCMIU,SUOYXCHP,3003,2805,7,-3.8521779724360425
GMBFCMIU,UXSPKBJR,3003,3206,3,-0.5563699990375542
GMBFCMIU,VMAQSTJE,3003,8527,11,-0.5796324949589349
GMBFCMIU,WPQXWHYO,3003,2811,11,-0.21813722002763652
GMBFCMIU,XIFHSOWQ,3003,8708,8,-0.7207314054159075
GMBFCMIU,YSYHGLQK,3003,2807,4,-2.268285410835957
GMBFCMIU,ZKENOUDA,3003,2805,6,1.3225153774331437
GYHKIVQT,AHMDUILJ,8505,2102,10,0.12925501162709443
GYHKIVQT,ATLDMDBO,8505,2814,6,-0.04803409940706719
GYHKIVQT,BTMOEMEP,8505,3102,10,0.08821606708328887
GYHKIVQT,EVBVXETX,8505,3404,5,0.02437797881066201
GYHKIVQT,FDXPMYGF,8505,7907,12,-0.3979943656137308
GYHKIVQT,FQCLOEXA,8505,8102,7,0.04419639090167771
GYHKIVQT,JBVHSUWY,8505,1210,8,-0.1731344314574257
GYHKIVQT,JPBRUTWP,8505,3904,7,0.02694966628281878
GYHKIVQT,JSLXRQOK,8505,5119,9,-0.4230915113415145
GYHKIVQT,KJNSOAHR,8505,8479,8,-0.13275356790728268
GYHKIVQT,LPHPPJUG,8505,3824,6,-0.03658560153129252
GYHKIVQT,LRVGFDFM,8505,3102,12,0.19734961510472626
GYHKIVQT,LSOIUSXD,8505,5111,9,0.08837847637503508
GYHKIVQT,NAQIHUKZ,8505,3813,11,0.690524577685667
GYHKIVQT,NZKBIBNU,8505,5609,11,0.05252497713592087
GYHKIVQT,PYZMVUWD,8505,3824,8,1.0712532166393314
GYHKIVQT,QKXNTIIB,8505,8501,6,-0.09279734107247328
GYHKIVQT,QRKRBYJL,8505,2841,2,-0.09440290508901172
GYHKIVQT,QSDCUCLB,8505,2710,8,0.46950478663282036
GYHKIVQT,ROACSLMG,8505,8505,5,0.039774866128374414
GYHKIVQT,SAHWCZNH,8505,2825,2,-0.14765102862809576
GYHKIVQT,VUAFAIYJ,8505,6101,9,-0.09822618773103231
HCDTGMST,AHMDUILJ,6006,2102,10,-1.4282773480771005
HCDTGMST,BLANHGYY,6006,9022,8,16.12211270864362
HCDTGMST,BSRMSVTC,6006,2805,12,-2.172649573791225
HCDTGMST,FCYBOAXC,6006,3824,3,0.2086894336756411
HCDTGMST,FDXPMYGF,6006,7907,9,6.270315672158783
HCDTGMST,FITUEHWN,6006,8714,5,-1.550054839912833
HCDTGMST,FTSVTTSR,6006,2529,8,6.281918731086911
HCDTGMST,JPBRUTWP,6006,3904,8,0.5452823982617248
HCDTGMST,LPHPPJUG,6006,3824,10,0.46903565046941254
HCDTGMST,LSOIUSXD,6006,5111,9,-1.207013088011386
HCDTGMST,LUENUFGA,6006,2833,12,-1.1110039666464846
HCDTGMST,MIRCVAMV,6006,4408,12,-15.239254355727056
HCDTGMST,PYZMVUWD,6006,3824,11,15.572301888531845
HCDTGMST,SUOYXCHP,6006,2805,12,-9.384989451028591
HCDTGMST,TGOELCAG,6006,7207,4,-16.570197200673835
HCDTGMST,UQYUIVVR,6006,8501,11,-6.9335840346857
HCDTGMST,VBYCLTYZ,6006,8505,7,-1.0933516405336794
HCDTGMST,VMAQSTJE,6006,8527,4,-1.934294502965619
HXYSSRXE,FCYBOAXC,2836,3824,12,0.009243831750005357
HXYSSRXE,JPBRUTWP,2836,3904,3,-0.02563274982292809
HXYSSRXE,KAGJCHMR,2836,8467,5,0.338492974733141
HXYSSRXE,NAQIHUKZ,2836,3813,12,-0.43284451796369
HXYSSRXE,OJIFIHMZ,2836,3815,8,0.0978907728501101
HXYSSRXE,QSDCUCLB,2836,2710,5,0.2788559921756443
HXYSSRXE,TANNMIMB,2836,4302,4,-0.3665377358688988
HXYSSRXE,WPQXWHYO,2836,2811,2,0.03372232788057553
HXYSSRXE,XMKRPGLB,2836,2529,9,0.11088305655778787
HXYSSRXE,YSYHGLQK,2836,2807,5,0.2975207197233829
HXYSSRXE,ZKENOUDA,2836,2805,5,-0.15408344768069443
IGDVVKUD,BSRMSVTC,3824,2805,4,-2.7170085835485915
IGDVVKUD,BUZIIBYG,3824,9403,6,-0.4997789365399567
IGDVVKUD,EVBVXETX,3824,3404,11,-0.294416365240894
IGDVVKUD,FDXPMYGF,3824,7907,4,7.733024877866957
IGDVVKUD,FWUCPMMW,3824,2701,7,8.842989969711214
IGDVVKUD,HXYSSRXE,3824,2836,8,0.45279979082363636
IGDVVKUD,KJNSOAHR,3824,8479,8,-1.671984016433116
IGDVVKUD,LLHREMKS,3824,2807,6,-2.179996188430383
IGDVVKUD,LTOYKIML,3824,3909,11,2.714127304499266
IGDVVKUD,OGAFEHLU,3824,7202,9,-16.668725841130296
IGDVVKUD,SDWAYPIK,3824,7207,6,-1.2338974871069948
IGDVVKUD,SNHYOVBM,3824,3824,7,7.566826850706584
IGDVVKUD,TANNMIMB,3824,4302,12,-7.168953313796062
IGDVVKUD,UIFPPCLR,3824,8102,7,4.614172154301788
IGDVVKUD,VBYCLTYZ,3824,8505,10,1.461670239778099
IGDVVKUD,WBLJNPZQ,3824,5309,6,-1.2943198990800595
JBVHSUWY,AXULOHBQ,1210,5515,7,0.28340488235673955
JBVHSUWY,BJALXPFS,1210,2847,12,-0.424183325331409
JBVHSUWY,BSRMSVTC,1210,2805,7,-0.7191118685663775
JBVHSUWY,BUZIIBYG,1210,9403,8,0.11215684678021003
JBVHSUWY,DBWLZWNK,1210,5602,10,-0.3927942228487482
JBVHSUWY,ELQGMQWE,1210,2002,3,-0.3887524799522217
JBVHSUWY,IGDVVKUD,1210,3824,3,3.3588017497548437
JBVHSUWY,JSLXRQOK,1210,5119,2,-1.9407477301811586
JBVHSUWY,LSOIUSXD,1210,5111,3,0.3931873056530606
JBVHSUWY,LTOYKIML,1210,3909,4,-0.6357579365178917
JBVHSUWY,MBSBZBXA,1210,2846,5,-0.4394637589063194
JBVHSUWY,OGAFEHLU,1210,7202,11,3.379242881307762
JBVHSUWY,OJIFIHMZ,1210,3815,3,-0.6305457291309448
JBVHSUWY,QJQJSWFU,1210,3307,7,0.38738778231755716
JBVHSUWY,QVLMOEYE,1210,4202,12,-0.10951758826298404
JBVHSUWY,ROACSLMG,1210,8505,8,0.13621390118636809
JBVHSUWY,SAHWCZNH,1210,2825,6,0.4828528460724716
JBVHSUWY,SDWAYPIK,1210,7207,8,0.2720002834982039
JBVHSUWY,STZDBITS,1210,3815,2,-0.34163751504202305
JBVHSUWY,TGOELCAG,1210,7207,6,-4.44054161486242
JBVHSUWY,UIFPPCLR,1210,8102,9,-1.1269933420674716
JBVHSUWY,VBYCLTYZ,1210,8505,9,-0.2914383463189156
JERHKLYW,BUZIIBYG,4601,9403,2,0.13210940991770426
JERHKLYW,ELQGMQWE,4601,2002,6,-0.5311808987426099
JERHKLYW,JBVHSUWY,4601,1210,8,-0.8325087339226089
JERHKLYW,OJIFIHMZ,4601,3815,12,-0.8238189743605842
JERHKLYW,QKXNTIIB,4601,8501,8,0.459711346727935
JERHKLYW,QSDCUCLB,4601,2710,9,-1.744138693604653
JERHKLYW,SAHWCZNH,4601,2825,11,-0.48549563431551557
JERHKLYW,SDWAYPIK,4601,7207,5,0.4907284935817233
JERHKLYW,SUOYXCHP,4601,2805,6,3.886325617813991
JERHKLYW,UIFPPCLR,4601,8102,6,-1.457875026458666
JERHKLYW,VMAQSTJE,4601,8527,9,0.4885844814718356
JERHKLYW,WPQXWHYO,4601,2811,6,-0.18691287350798053
JERHKLYW,XIIEJNEE,4601,3815,10,-3.656121505205395
JERHKLYW,XUOIQPFL,4601,5205,10,-0.14180947352935508
JPBRUTWP,ANWUJOKX,3904,4403,7,0.5763753341204598
JPBRUTWP,AXULOHBQ,3904,5515,8,-0.05433093950382699
JPBRUTWP,BLANHGYY,3904,9022,12,0.6901910947840332
JPBRUTWP,BSRMSVTC,3904,2805,9,-0.16642379415151506
JPBRUTWP,EVBVXETX,3904,3404,4,-0.017359012962965242
JPBRUTWP,LPHPPJUG,3904,3824,11,-0.023258565239589746
JPBRUTWP,LUENUFGA,3904,2833,6,-0.05787327242250648
JPBRUTWP,OGAFEHLU,3904,7202,8,0.8233355625559039
JPBRUTWP,RCBZUSIM,3904,2805,11,-0.2033852826948514
JPBRUTWP,RJGPVEXX,3904,2811,3,0.06390659863451845
JPBRUTWP,UQYUIVVR,3904,8501,3,-0.3649480497021889
JPBRUTWP,VUAFAIYJ,3904,6101,3,0.09725394478417991
JPBRUTWP,WBLJNPZQ,3904,5309,7,0.060279303392800576
JPBRUTWP,XMKRPGLB,3904,2529,7,0.12531323157730223
JSLXRQOK,DBWLZWNK,5119,5602,6,-0.8719490592054056
JSLXRQOK,QJQJSWFU,5119,3307,8,1.1949725771783815
JSLXRQOK,SNHYOVBM,5119,3824,9,4.781353885918967
JSLXRQOK,SUOYXCHP,5119,2805,11,7.286628424063071
JSLXRQOK,WHPUAOID,5119,5512,4,7.059545704799364
JSLXRQOK,XIIEJNEE,5119,3815,3,9.657304747723941
JSLXRQOK,YSYHGLQK,5119,2807,5,4.2759433580098145
JSLXRQOK,ZGJXVMNI,5119,3006,10,-0.44404162895730886
KAGJCHMR,AHMDUILJ,8467,2102,8,1.1301686473640995
KAGJCHMR,ANWUJOKX,8467,4403,7,8.777874423502796
KAGJCHMR,ATLDMDBO,8467,2814,12,0.6977965020470265
KAGJCHMR,BEZYMBBT,8467,3207,4,0.4973488882599935
KAGJCHMR,BUZIIBYG,8467,9403,12,0.3352837954978562
KAGJCHMR,FCYBOAXC,8467,3824,7,0.1592515323658216
KAGJCHMR,FITUEHWN,8467,8714,12,1.2833835653309007
KAGJCHMR,FQCLOEXA,8467,8102,10,-0.5068949691072797
KAGJCHMR,GYHKIVQT,8467,8505,6,-0.626779746132725
KAGJCHMR,HCDTGMST,8467,6006,5,-9.434914620319635
KAGJCHMR,IGDVVKUD,8467,3824,3,-8.609041221718597
KAGJCHMR,MIRCVAMV,8467,4408,12,12.986542556856675
KAGJCHMR,RJGPVEXX,8467,2811,5,1.2406543615699395
KAGJCHMR,ROACSLMG,8467,8505,12,0.6686582597856151
KAGJCHMR,SAAYMURU,8467,3215,10,-2.197814514520029
KAGJCHMR,SAHWCZNH,8467,2825,5,1.7536682299407136
KAGJCHMR,STZDBITS,8467,3815,5,0.9764229802299211
KAGJCHMR,SUOYXCHP,8467,2805,10,8.960161417171484
KAGJCHMR,TGOELCAG,8467,7207,10,-17.271204047219797
KAGJCHMR,VBYCLTYZ,8467,8505,12,1.0030449063171605
KAGJCHMR,WBLJNPZQ,8467,5309,10,-0.8892855156761786
KAGJCHMR,WPQXWHYO,8467,2811,12,0.5680334060361231
KAGJCHMR,XIFHSOWQ,8467,8708,9,1.5220066935106924
KEUWZRKO,DEWLVASR,8102,3038,6,4.664855788477323
KEUWZRKO,FCYBOAXC,8102,3824,11,-0.09862879258578343
KEUWZRKO,FTSVTTSR,8102,2529,12,4.209446669938423
KEUWZRKO,FWUCPMMW,8102,2701,4,-4.535230245410479
KEUWZRKO,JPBRUTWP,8102,3904,7,0.24432457929551735
KEUWZRKO,JSLXRQOK,8102,5119,12,3.3715989380051794
KEUWZRKO,NAQIHUKZ,8102,3813,11,5.70220356391401
KEUWZRKO,QSDCUCLB,8102,2710,9,-3.3422131938712814
KEUWZRKO,SAAYMURU,8102,3215,9,1.6214990924495227
KEUWZRKO,TGOELCAG,8102,7207,4,8.53565143580904
KEUWZRKO,UGEQLMXM,8102,8714,8,0.5008768295887505
KEUWZRKO,VMAQSTJE,8102,8527,7,0.7907218780694772
KEUWZRKO,ZGJXVMNI,8102,3006,12,0.29786821497138166
KFQSHBNH,SNHYOVBM,8501,3824,2,3.7836312342680585
KFQSHBNH,WQMVCOEM,8501,2805,5,-3.81105071399247
KJNSOAHR,ANWUJOKX,8479,4403,10,1.531159301500293
KJNSOAHR,BSRMSVTC,8479,2805,10,0.4709090509444392
KJNSOAHR,DNMPSKTB,8479,2811,5,0.07129192065006132
KJNSOAHR,MBSBZBXA,8479,2846,8,0.28383845897852267
KJNSOAHR,MIRCVAMV,8479,4408,12,2.2366317263929507
KJNSOAHR,QJQJSWFU,8479,3307,10,-0.29341282193699303
KJNSOAHR,WHPUAOID,8479,5512,7,1.5384848637835924
KJNSOAHR,WPQXWHYO,8479,2811,6,-0.10456992623209105
KJNSOAHR,WQMVCOEM,8479,2805,7,-1.2781757189037772
KJNSOAHR,XMKRPGLB,8479,2529,8,-0.42773062788762606
KJNSOAHR,ZGJXVMNI,8479,3006,3,0.10656367698173426
LLHREMKS,BJALXPFS,2807,2847,3,0.33757313561529706
LLHREMKS,BLANHGYY,2807,9022,10,-2.471335608730353
LLHREMKS,DJBLNPNC,2807,2805,9,-1.3262442743905527
LLHREMKS,FITUEHWN,2807,8714,6,-0.26097201509041
LLHREMKS,HXYSSRXE,2807,2836,9,0.06451696301085705
LLHREMKS,JERHKLYW,2807,4601,12,0.43735821689220444
LLHREMKS,JPBRUTWP,2807,3904,12,-0.0700657752693021
LLHREMKS,MIRCVAMV,2807,4408,9,2.108092695743268
LLHREMKS,UGEQLMXM,2807,8714,5,0.22597354116191762
LLHREMKS,WPQXWHYO,2807,2811,11,0.08426351817146858
LLHREMKS,YSYHGLQK,2807,2807,2,1.1701396060510878
LPHPPJUG,AANGBULD,3824,4810,4,-0.7700822553700919
LPHPPJUG,AHMDUILJ,3824,2102,3,0.0914156703351982
LPHPPJUG,APQGTRMF,3824,8105,12,0.2619050306385795
LPHPPJUG,BTMOEMEP,3824,3102,2,-0.07047198998915334
LPHPPJUG,GKQIJYDH,3824,8501,9,0.13441675753880522
LPHPPJUG,JERHKLYW,3824,4601,5,0.1537197350271847
LPHPPJUG,JSLXRQOK,3824,5119,4,-0.34648537879109503
LPHPPJUG,KJNSOAHR,3824,8479,2,0.07694856592516468
LPHPPJUG,OXKURKXR,3824,5402,3,0.08267719517000274
LPHPPJUG,PYZMVUWD,3824,3824,2,-0.8284529641615596
LPHPPJUG,QSDCUCLB,3824,2710,2,-0.3160846252027393
LPHPPJUG,TGOELCAG,3824,7207,9,0.7389711019939039
LPHPPJUG,VMAQSTJE,3824,8527,6,0.08512138309247749
LPHPPJUG,VUAFAIYJ,3824,6101,4,-0.07758394365634033
LPHPPJUG,XIIEJNEE,3824,3815,6,0.5611994398340159
LPHPPJUG,ZKENOUDA,3824,2805,2,0.16502468533790357
LRVGFDFM,AANGBULD,3102,4810,5,4.8445509210444175
LRVGFDFM,APQGTRMF,3102,8105,2,2.236487110816123
LRVGFDFM,ATLDMDBO,3102,2814,8,0.19096973838333747
LRVGFDFM,BEZYMBBT,3102,3207,2,0.18683281907884003
LRVGFDFM,LTOYKIML,3102,3909,9,0.6849060691487617
LRVGFDFM,SNHYOVBM,3102,3824,4,1.9760186653152825
LRVGFDFM,ZGJXVMNI,3102,3006,3,0.24405318337358187
LSOIUSXD,AXULOHBQ,5111,5515,7,0.1887085283895987
LSOIUSXD,BUZIIBYG,5111,9403,4,-0.05456686000813114
LSOIUSXD,DUCMGGNW,5111,3806,5,0.18119816446469864
LSOIUSXD,LRVGFDFM,5111,3102,9,0.5328272166801395
LSOIUSXD,MIRCVAMV,5111,4408,5,2.341606970324353
LSOIUSXD,QVLMOEYE,5111,4202,7,-0.0792996963842859
LSOIUSXD,ROACSLMG,5111,8505,4,-0.09229371537857438
LSOIUSXD,SAHWCZNH,5111,2825,6,0.2678842956923242
LSOIUSXD,UGEQLMXM,5111,8714,11,0.1617440888266591
LSOIUSXD,UXSPKBJR,5111,3206,9,-0.17499370458441263
LSOIUSXD,VUAFAIYJ,5111,6101,9,-0.23115924816901928
LSOIUSXD,XUOIQPFL,5111,5205,5,0.08997682557652883
LSOIUSXD,ZGJXVMNI,5111,3006,12,0.09136672178918115
LSOIUSXD,ZKENOUDA,5111,2805,12,0.5929220610117696
LTOYKIML,ANWUJOKX,3909,4403,10,-1.8484355765640632
LTOYKIML,APQGTRMF,3909,8105,11,1.8282407382968733
LTOYKIML,AXULOHBQ,3909,5515,3,-0.27357297802281333
LTOYKIML,BEZYMBBT,3909,3207,11,0.13958797558311714
LTOYKIML,BTMOEMEP,3909,3102,2,0.33750739477640174
LTOYKIML,GKQIJYDH,3909,8501,8,0.6151663642728894
LTOYKIML,MBSBZBXA,3909,2846,5,-0.4390061102253719
LTOYKIML,OJIFIHMZ,3909,3815,6,-0.4842046760538144
LTOYKIML,OXKURKXR,3909,5402,3,-0.4963814481771644
LTOYKIML,QKXNTIIB,3909,8501,9,-0.318331248790246
LTOYKIML,QRKRBYJL,3909,2841,11,0.2940764529232642
LTOYKIML,SAAYMURU,3909,3215,10,-0.6678398565962688
LTOYKIML,SAHWCZNH,3909,2825,4,0.448730426340697
LTOYKIML,SDWAYPIK,3909,7207,3,0.2680979040534454
LTOYKIML,SNHYOVBM,3909,3824,12,-1.4463432144923627
LTOYKIML,UIFPPCLR,3909,8102,5,1.2136450601649595
LTOYKIML,VBYCLTYZ,3909,8505,5,0.26092693342911927
LTOYKIML,VUAFAIYJ,3909,6101,9,-0.38292470933073647
LTOYKIML,VWMBASNE,3909,2811,4,-0.5560694979830002
LTOYKIML,WQMVCOEM,3909,2805,12,1.7555661327180208
LTOYKIML,ZCELVYQU,3909,8461,7,2.4714616166803753
LUENUFGA,BTMOEMEP,2833,3102,12,-0.17194957697610966
LUENUFGA,KJNSOAHR,2833,8479,7,0.24773143663906405
LUENUFGA,LPHPPJUG,2833,3824,5,0.059338520279814955
LUENUFGA,LTOYKIML,2833,3909,10,-0.2681020875190568
LUENUFGA,OXKURKXR,2833,5402,9,-0.2266870557717301
LUENUFGA,VMAQSTJE,2833,8527,11,0.23985766414829968
LUENUFGA,XIPPENFQ,2833,2501,7,0.167735271827659
MBSBZBXA,APQGTRMF,2846,8105,12,1.0234447079827727
MBSBZBXA,ELQGMQWE,2846,2002,8,-0.24384812682039178
MBSBZBXA,FCYBOAXC,2846,3824,8,0.02834945797674918
MBSBZBXA,NZKBIBNU,2846,5609,5,-0.13640105708955666
MBSBZBXA,OJIFIHMZ,2846,3815,11,-0.44892823011753147
MBSBZBXA,QJQJSWFU,2846,3307,2,-0.3074500617967468
MBSBZBXA,QSDCUCLB,2846,2710,11,-0.8227679854402632
MBSBZBXA,SUOYXCHP,2846,2805,8,2.2228874864328696
MBSBZBXA,TGOELCAG,2846,7207,6,2.6990067227474186
MIRCVAMV,ELQGMQWE,4408,2002,7,1.865467401727064
MIRCVAMV,FDXPMYGF,4408,7907,8,-9.072838682273769
MIRCVAMV,HXYSSRXE,4408,2836,9,-0.610166226757557
MIRCVAMV,LPHPPJUG,4408,3824,10,0.5995299615672645
MIRCVAMV,LTOYKIML,4408,3909,11,3.1564017071723742
MIRCVAMV,MBSBZBXA,4408,2846,10,2.397458194900033
MIRCVAMV,OGAFEHLU,4408,7202,7,-23.59523130904535
MIRCVAMV,OXKURKXR,4408,5402,9,-2.4392145650601913
MIRCVAMV,PYZMVUWD,4408,3824,11,16.009062457168707
MIRCVAMV,SUOYXCHP,4408,2805,2,17.59529219819365
MIRCVAMV,UGEQLMXM,4408,8714,12,-1.4758456379541127
MIRCVAMV,WHPUAOID,4408,5512,4,16.03536199999488
MIRCVAMV,XIFHSOWQ,4408,8708,10,2.637672596733514
MIRCVAMV,XIPPENFQ,4408,2501,3,-2.152145028169418
MIRCVAMV,ZKENOUDA,4408,2805,5,-5.240574724050368
NAQIHUKZ,BEZYMBBT,3813,3207,4,-0.6661886517015118
NAQIHUKZ,DJBLNPNC,3813,2805,9,-12.740010943436394
NAQIHUKZ,LTOYKIML,3813,3909,12,2.2658380411044483
NAQIHUKZ,MBSBZBXA,3813,2846,4,1.7665950514829878
NAQIHUKZ,QVLMOEYE,3813,4202,5,-0.5285899843755735
NAQIHUKZ,RCBZUSIM,3813,2805,8,4.021166298216312
NAQIHUKZ,RJGPVEXX,3813,2811,6,1.2670023412392664
NAQIHUKZ,STZDBITS,3813,3815,4,1.3316848371840426
NAQIHUKZ,TGOELCAG,3813,7207,10,15.595428384765764
NAQIHUKZ,XUOIQPFL,3813,5205,2,-0.7591328758108109
NAQIHUKZ,YSYHGLQK,3813,2807,7,-6.1344969180222915
NZKBIBNU,AANGBULD,5609,4810,10,-1.5823453160651575
NZKBIBNU,DEWLVASR,5609,3038,8,0.6116104375878484
NZKBIBNU,FITUEHWN,5609,8714,10,0.14477686377225812
NZKBIBNU,FQCLOEXA,5609,8102,10,-0.0792016888957152
NZKBIBNU,QJQJSWFU,5609,3307,7,0.1831296601656772
NZKBIBNU,SAHWCZNH,5609,2825,5,0.2003905672252125
NZKBIBNU,TGOELCAG,5609,7207,9,1.7242680817107767
NZKBIBNU,UIFPPCLR,5609,8102,12,0.4055660908056741
NZKBIBNU,VMAQSTJE,5609,8527,4,0.16403845652232343
NZKBIBNU,WBLJNPZQ,5609,5309,7,0.11121010357248656
NZKBIBNU,XIFHSOWQ,5609,8708,8,-0.18113641845376666
NZKBIBNU,ZCELVYQU,5609,8461,6,1.2709814489419793
OGAFEHLU,AHMDUILJ,7202,2102,6,-2.6300697840579708
OGAFEHLU,DDEXPPXU,7202,2807,10,-5.685995551542879
OGAFEHLU,FWUCPMMW,7202,2701,12,-12.099764259469826
OGAFEHLU,GKQIJYDH,7202,8501,7,-3.805958953695497
OGAFEHLU,HXYSSRXE,7202,2836,2,0.8169287388995291
OGAFEHLU,KJNSOAHR,7202,8479,5,-2.380868498724351
OGAFEHLU,LPHPPJUG,7202,3824,3,-0.7685800366085298
OGAFEHLU,MBSBZBXA,7202,2846,6,-2.6110752018000865
OGAFEHLU,NAQIHUKZ,7202,3813,12,13.57625472603607
OGAFEHLU,QJQJSWFU,7202,3307,9,-2.149366003580255
OGAFEHLU,QRKRBYJL,7202,2841,8,-1.6585186840966453
OGAFEHLU,RCBZUSIM,7202,2805,2,6.037794958511054
OGAFEHLU,STZDBITS,7202,3815,6,-1.7629734215142268
OGAFEHLU,TANNMIMB,7202,4302,6,-12.038231259741343
OGAFEHLU,UQYUIVVR,7202,8501,8,9.936761330354736
OGAFEHLU,XIPPENFQ,7202,2501,5,-2.0658700469328397
OGAFEHLU,ZKENOUDA,7202,2805,4,6.088699536675976
OJIFIHMZ,APQGTRMF,3815,8105,4,1.4046897215603666
OJIFIHMZ,BEZYMBBT,3815,3207,5,-0.1632027379778776
OJIFIHMZ,BUZIIBYG,3815,9403,9,0.07750052376396471
OJIFIHMZ,ELQGMQWE,3815,2002,10,-0.3095272516846694
OJIFIHMZ,LSOIUSXD,3815,5111,10,0.32415251490004754
OJIFIHMZ,QJQJSWFU,3815,3307,4,-0.34236171542575466
OJIFIHMZ,SNHYOVBM,3815,3824,6,1.716311799754303
OJIFIHMZ,STZDBITS,3815,3815,6,-0.2868626560640623
OKMBFVKS,ATLDMDBO,5705,2814,11,-0.0222812382828065
OKMBFVKS,BSRMSVTC,5705,2805,8,0.07434425406667174
OKMBFVKS,DJBLNPNC,5705,2805,10,-0.3129913629000637
OKMBFVKS,FITUEHWN,5705,8714,10,0.0635947717870185
OKMBFVKS,FQCLOEXA,5705,8102,10,-0.02866644147206508
OKMBFVKS,LLHREMKS,5705,2807,4,-0.06715212391689111
OKMBFVKS,SAHWCZNH,5705,2825,5,0.07039524205090701
OKMBFVKS,UGEQLMXM,5705,8714,12,-0.032071936771809216
OXKURKXR,APQGTRMF,5402,8105,9,1.1626264283169019
OXKURKXR,ATLDMDBO,5402,2814,4,0.14029578748169363
OXKURKXR,ELQGMQWE,5402,2002,9,0.22076391480919297
OXKURKXR,JSLXRQOK,5402,5119,2,1.2458410411303276
OXKURKXR,LRVGFDFM,5402,3102,6,-0.5738491425259034
OXKURKXR,OJIFIHMZ,5402,3815,3,0.43331523980174763
OXKURKXR,QRKRBYJL,5402,2841,8,-0.22680271701080296
OXKURKXR,SNHYOVBM,5402,3824,10,-1.44140739537101
OXKURKXR,SUOYXCHP,5402,2805,9,-1.8003107739309423
OXKURKXR,TGOELCAG,5402,7207,6,3.9116498113712432
OXKURKXR,ZCELVYQU,5402,8461,4,-1.9588457572698086
PLMZALFA,APQGTRMF,3024,8105,10,-3.622071173571262
PLMZALFA,BTMOEMEP,3024,3102,3,-0.6603260638497701
PLMZALFA,FCYBOAXC,3024,3824,6,-0.10296132406542689
PLMZALFA,GKQIJYDH,3024,8501,9,-1.4054834795360476
PLMZALFA,LLHREMKS,3024,2807,11,0.7347935191944404
PLMZALFA,LUENUFGA,3024,2833,12,-0.6102542115171357
PLMZALFA,OKMBFVKS,3024,5705,9,0.1565568719786496
PLMZALFA,OXKURKXR,3024,5402,11,-1.0197250081504952
PLMZALFA,RAWUKQMJ,3024,2916,9,0.2181247994520377
PLMZALFA,SNHYOVBM,3024,3824,12,-3.32488757464308
PYZMVUWD,AHMDUILJ,3824,2102,2,1.7935820532278992
PYZMVUWD,AXULOHBQ,3824,5515,9,-1.3129650698062474
PYZMVUWD,DDEXPPXU,3824,2807,6,4.743206001209286
PYZMVUWD,FWUCPMMW,3824,2701,8,11.056169930354098
PYZMVUWD,KJNSOAHR,3824,8479,4,1.9757496266451093
PYZMVUWD,LTOYKIML,3824,3909,7,-2.8370317073923537
PYZMVUWD,LUENUFGA,3824,2833,2,1.6962603055640255
PYZMVUWD,NZKBIBNU,3824,5609,10,-1.1610628476689449
PYZMVUWD,OXKURKXR,3824,5402,10,2.2237868545494077
PYZMVUWD,QJQJSWFU,3824,3307,9,-1.9323026202754403
PYZMVUWD,RCBZUSIM,3824,2805,8,-6.018866929032883
PYZMVUWD,WPQXWHYO,3824,2811,10,-0.709211240753588
PYZMVUWD,XIPPENFQ,3824,2501,9,1.8468798089102365
QJQJSWFU,DDEXPPXU,3307,2807,11,0.4970424922278542
QJQJSWFU,ELQGMQWE,3307,2002,6,0.2710202946278414
QJQJSWFU,GKQIJYDH,3307,8501,8,0.34021842173016614
QJQJSWFU,LTOYKIML,3307,3909,6,-0.3609304014052457
QJQJSWFU,NAQIHUKZ,3307,3813,4,1.7658851526514856
QJQJSWFU,RAWUKQMJ,3307,2916,12,0.06524552445899595
QJQJSWFU,SDWAYPIK,3307,7207,11,-0.13338924203631364
QJQJSWFU,SUOYXCHP,3307,2805,7,1.7468017823981552
QJQJSWFU,VMAQSTJE,3307,8527,5,0.31801288542450645
QJQJSWFU,WHPUAOID,3307,5512,5,1.5023779272924325
QJQJSWFU,YSYHGLQK,3307,2807,3,1.1623000995271002
QJQJSWFU,ZGJXVMNI,3307,3006,11,-0.10245075923914278
QKXNTIIB,ATLDMDBO,8501,2814,8,-0.1275915332032454
QKXNTIIB,BUZIIBYG,8501,9403,8,-0.0438933677327334
QKXNTIIB,DBWLZWNK,8501,5602,10,0.19507786914038916
QKXNTIIB,JSLXRQOK,8501,5119,2,1.0253721959099835
QKXNTIIB,OGAFEHLU,8501,7202,10,2.165649328707674
QKXNTIIB,SNHYOVBM,8501,3824,10,-1.0147618462282233
QKXNTIIB,TGOELCAG,8501,7207,6,2.817918885571985
QKXNTIIB,WPQXWHYO,8501,2811,8,-0.07289228788554114
QKXNTIIB,XUOIQPFL,8501,5205,5,-0.08444828642910836
QRKRBYJL,FITUEHWN,2841,8714,2,0.1905676931218751
QRKRBYJL,WQMVCOEM,2841,2805,2,-0.975819369446594
QRKRBYJL,XMKRPGLB,2841,2529,10,-0.23610397187798038
QSDCUCLB,AANGBULD,2710,4810,12,8.504901875736747
QSDCUCLB,DBWLZWNK,2710,5602,10,0.7471729794536229
QSDCUCLB,DDEXPPXU,2710,2807,6,2.458841218764213
QSDCUCLB,DNMPSKTB,2710,2811,8,-0.26632446745579746
QSDCUCLB,FRHNWLNI,2710,2846,3,-0.6907786218954448
QSDCUCLB,GKQIJYDH,2710,8501,7,-1.7723189248107913
QSDCUCLB,IGDVVKUD,2710,3824,3,-6.199892904854058
QSDCUCLB,JSLXRQOK,2710,5119,11,-3.742939222791943
QSDCUCLB,QJQJSWFU,2710,3307,8,1.2040596381689697
QSDCUCLB,SNHYOVBM,2710,3824,10,-4.5184575132374585
QSDCUCLB,XIFHSOWQ,2710,8708,11,-1.2645662527808563
QSDCUCLB,YSYHGLQK,2710,2807,12,-3.779021448365631
QSDCUCLB,ZKENOUDA,2710,2805,10,-2.040096885081284
QVLMOEYE,AHMDUILJ,4202,2102,10,0.07275862375944706
QVLMOEYE,BTMOEMEP,4202,3102,3,0.0760358068585355
QVLMOEYE,FQCLOEXA,4202,8102,10,-0.034599992809103704
QVLMOEYE,HCDTGMST,4202,6006,8,0.45649062016509356
QVLMOEYE,HXYSSRXE,4202,2836,7,0.023340445312593293
QVLMOEYE,LRVGFDFM,4202,3102,2,-0.18974455683300584
QVLMOEYE,MBSBZBXA,4202,2846,6,-0.11050524621181612
QVLMOEYE,UGEQLMXM,4202,8714,7,-0.0765845293955293
QVLMOEYE,ZKENOUDA,4202,2805,5,-0.23060890957386115
RAWUKQMJ,BSRMSVTC,2916,2805,11,-0.1144873367726069
RAWUKQMJ,CCLHWFWF,2916,6211,11,-0.04388371181472586
RAWUKQMJ,FDXPMYGF,2916,7907,12,-0.31535109440391407
RAWUKQMJ,FITUEHWN,2916,8714,10,0.10819478365359733
RAWUKQMJ,FQCLOEXA,2916,8102,10,-0.03627606830984717
RAWUKQMJ,HCDTGMST,2916,6006,5,-0.7630247176295071
RAWUKQMJ,LLHREMKS,2916,2807,4,-0.09335539924715153
RAWUKQMJ,LUENUFGA,2916,2833,12,0.07829347889819857
RAWUKQMJ,MIRCVAMV,2916,4408,12,0.7894055454201288
RAWUKQMJ,QRKRBYJL,2916,2841,10,0.06511608868886702
RAWUKQMJ,ROACSLMG,2916,8505,11,-0.035331518226716006
RAWUKQMJ,TGOELCAG,2916,7207,9,0.9137868785142644
RAWUKQMJ,UGEQLMXM,2916,8714,5,-0.07328600720687878
RAWUKQMJ,WHPUAOID,2916,5512,12,0.4714421770571252
RAWUKQMJ,ZCELVYQU,2916,8461,6,0.6820422332115117
RCBZUSIM,AXULOHBQ,2805,5515,7,-0.38668851557308753
RCBZUSIM,BUZIIBYG,2805,9403,8,-0.10679770700239062
RCBZUSIM,FCYBOAXC,2805,3824,4,0.07776193892419485
RCBZUSIM,MBSBZBXA,2805,2846,3,0.7263138360178824
RCBZUSIM,QVLMOEYE,2805,4202,9,0.21476386387330942
RCBZUSIM,STZDBITS,2805,3815,7,0.3811235880463989
RCBZUSIM,VBYCLTYZ,2805,8505,9,0.3877517446808378
RCBZUSIM,VMAQSTJE,2805,8527,5,-0.7033646913462788
RCBZUSIM,VWMBASNE,2805,2811,8,-0.8003587534484357
RCBZUSIM,WHPUAOID,2805,5512,4,3.4464565477141025
RCBZUSIM,XUOIQPFL,2805,5205,5,-0.2183073533480902
RCBZUSIM,ZGJXVMNI,2805,3006,10,-0.23659803057007395
RJCAXSGH,SNHYOVBM,8501,3824,2,4.1694362427921465
RJCAXSGH,WQMVCOEM,8501,2805,5,-4.21054213955068
RJGPVEXX,AANGBULD,2811,4810,6,1.8387357735944723
RJGPVEXX,AHMDUILJ,2811,2102,12,0.22373534742242826
RJGPVEXX,ATLDMDBO,2811,2814,8,-0.0907636776422738
RJGPVEXX,BTMOEMEP,2811,3102,11,-0.15350169197291041
RJGPVEXX,DJBLNPNC,2811,2805,7,-1.272421336051468
RJGPVEXX,DNMPSKTB,2811,2811,4,0.06158177762650796
RJGPVEXX,FQCLOEXA,2811,8102,10,-0.09826638136763224
RJGPVEXX,FRHNWLNI,2811,2846,5,-0.13667620776211833
RJGPVEXX,HXYSSRXE,2811,2836,6,-0.0673018933166972
RJGPVEXX,KJNSOAHR,2811,8479,8,-0.18745925133923555
RJGPVEXX,LPHPPJUG,2811,3824,9,0.07843453324083083
RJGPVEXX,LUENUFGA,2811,2833,12,0.14441256221789683
RJGPVEXX,QSDCUCLB,2811,2710,11,-1.064318651147999
RJGPVEXX,SAAYMURU,2811,3215,10,-0.3772520037393847
RJGPVEXX,SDWAYPIK,2811,7207,8,-0.14855709019106064
RJGPVEXX,SNHYOVBM,2811,3824,10,-0.8528547671001999
RJGPVEXX,STZDBITS,2811,3815,11,-0.16443275222224832
RJGPVEXX,TGOELCAG,2811,7207,5,-2.2710532530910252
RJGPVEXX,WBLJNPZQ,2811,5309,4,0.15361479735682168
RJGPVEXX,XMKRPGLB,2811,2529,4,0.3071802558102067
RJGPVEXX,XUOIQPFL,2811,5205,4,0.06813765515315144
RJGPVEXX,ZKENOUDA,2811,2805,12,-0.34168455250858126
ROACSLMG,ATLDMDBO,8505,2814,11,-0.052366522566014914
ROACSLMG,DJBLNPNC,8505,2805,10,-0.7110323665843251
ROACSLMG,FITUEHWN,8505,8714,10,0.1002890211928794
ROACSLMG,FQCLOEXA,8505,8102,10,-0.052042489825397845
ROACSLMG,FTSVTTSR,8505,2529,2,0.4233656522796127
ROACSLMG,HXYSSRXE,8505,2836,9,-0.027022414035431545
ROACSLMG,LPHPPJUG,8505,3824,12,0.034300378632125504
ROACSLMG,LRVGFDFM,8505,3102,4,0.21014469765617735
ROACSLMG,RJGPVEXX,8505,2811,5,0.0979831454632691
ROACSLMG,SAHWCZNH,8505,2825,5,0.13476132183535797
ROACSLMG,TGOELCAG,8505,7207,9,1.3360340546464704
ROACSLMG,UQYUIVVR,8505,8501,6,0.45937428337514147
ROACSLMG,VUAFAIYJ,8505,6101,4,-0.12009288942834659
ROACSLMG,WBLJNPZQ,8505,5309,8,-0.07905539269296269
ROACSLMG,XMKRPGLB,8505,2529,10,-0.1535226762480204
ROACSLMG,ZCELVYQU,8505,8461,6,0.706241324199677
RUVXNNVA,BLANHGYY,2612,9022,9,-3.2139874585452577
RUVXNNVA,BUZIIBYG,2612,9403,2,-0.1682831613757909
RUVXNNVA,GYHKIVQT,2612,8505,5,-0.2478824660888033
RUVXNNVA,LUENUFGA,2612,2833,2,-0.4741188948308914
RUVXNNVA,MBSBZBXA,2612,2846,11,0.4181906213035197
RUVXNNVA,SNHYOVBM,2612,3824,2,-3.105619106857972
RUVXNNVA,VUAFAIYJ,2612,6101,10,-0.4650778782792272
RUVXNNVA,WBLJNPZQ,2612,5309,3,0.40907409885445484
RUVXNNVA,XMKRPGLB,2612,2529,4,-0.8308915740439367
SAAYMURU,AANGBULD,3215,4810,4,-4.7757752214153
SAAYMURU,ANWUJOKX,3215,4403,11,-2.716330478591316
SAAYMURU,BSRMSVTC,3215,2805,7,-0.5561192777392934
SAAYMURU,BTMOEMEP,3215,3102,6,0.3532443071845424
SAAYMURU,DDEXPPXU,3215,2807,6,-0.8066627851896838
SAAYMURU,JSLXRQOK,3215,5119,3,2.4338501442628844
SAAYMURU,OXKURKXR,3215,5402,12,-0.5102756084116158
SAAYMURU,PYZMVUWD,3215,3824,5,-3.8125536883604423
SAAYMURU,QJQJSWFU,3215,3307,11,0.35993276435024396
SAAYMURU,RAWUKQMJ,3215,2916,10,0.1149169113277997
SAAYMURU,UQYUIVVR,3215,8501,7,1.765116713284769
SAAYMURU,VBYCLTYZ,3215,8505,3,0.3104626309909254
SAAYMURU,WHPUAOID,3215,5512,6,-2.321103581802116
SAAYMURU,XIIEJNEE,3215,3815,5,-3.8540889609922138
SAAYMURU,ZGJXVMNI,3215,3006,3,0.1804611583686493
SAHWCZNH,APQGTRMF,2825,8105,5,1.1832622738501204
SAHWCZNH,ATLDMDBO,2825,2814,3,-0.15402738297401714
SAHWCZNH,BLANHGYY,2825,9022,8,-2.3773983501599525
SAHWCZNH,BSRMSVTC,2825,2805,7,0.46299584877033695
SAHWCZNH,BUZIIBYG,2825,9403,7,0.0772987155364287
SAHWCZNH,DBWLZWNK,2825,5602,9,-0.26815672087305586
SAHWCZNH,DJBLNPNC,2825,2805,9,-1.7557569766655992
SAHWCZNH,EVBVXETX,2825,3404,9,0.06360098975809138
SAHWCZNH,FITUEHWN,2825,8714,7,0.25943713328062284
SAHWCZNH,FQCLOEXA,2825,8102,5,-0.14439817483586595
SAHWCZNH,LLHREMKS,2825,2807,6,-0.3184787202125445
SAHWCZNH,MIRCVAMV,2825,4408,8,-2.8350124563530157
SAHWCZNH,NAQIHUKZ,2825,3813,9,-2.2557890600691812
SAHWCZNH,QRKRBYJL,2825,2841,7,0.2411263892433699
SAHWCZNH,QSDCUCLB,2825,2710,11,-0.9848541412754227
SAHWCZNH,SDWAYPIK,2825,7207,3,-0.20495846436701862
SAHWCZNH,SNHYOVBM,2825,3824,5,-1.4354591346071197
SAHWCZNH,TGOELCAG,2825,7207,4,3.3261670488780535
SAHWCZNH,VBYCLTYZ,2825,8505,8,-0.21575285116930137
SAHWCZNH,WPQXWHYO,2825,2811,7,0.10394989842447053
SAHWCZNH,WQMVCOEM,2825,2805,8,1.7512314271054048
SAHWCZNH,XIPPENFQ,2825,2501,11,0.23394720730636515
SAHWCZNH,XMKRPGLB,2825,2529,5,-0.48816463259923004
SDWAYPIK,ANWUJOKX,7207,4403,11,-0.9394024120835386
SDWAYPIK,APQGTRMF,7207,8105,12,0.6884008145611131
SDWAYPIK,FQCLOEXA,7207,8102,2,0.08581113117724833
SDWAYPIK,GKQIJYDH,7207,8501,10,-0.2321959680661441
SDWAYPIK,OJIFIHMZ,7207,3815,8,0.2487671407499042
SDWAYPIK,PYZMVUWD,7207,3824,11,-1.511458789293761
SDWAYPIK,QRKRBYJL,7207,2841,4,-0.12906636802314803
SDWAYPIK,SAAYMURU,7207,3215,7,-0.26397138338108683
SDWAYPIK,ZCELVYQU,7207,8461,7,-1.300160352033154
SNHYOVBM,BEZYMBBT,3824,3207,5,0.33809694027540854
SNHYOVBM,DBWLZWNK,3824,5602,4,1.0980800750945907
SNHYOVBM,DDEXPPXU,3824,2807,7,2.0657806933698093
SNHYOVBM,DJBLNPNC,3824,2805,4,7.496317935220863
SNHYOVBM,WQMVCOEM,3824,2805,3,-6.1571795763267305
SNHYOVBM,YSYHGLQK,3824,2807,2,4.9112948664660685
STZDBITS,AHMDUILJ,3815,2102,12,0.13961995130729324
STZDBITS,ATLDMDBO,3815,2814,3,-0.09136516278125136
STZDBITS,BSRMSVTC,3815,2805,7,0.25390397147097826
STZDBITS,BUZIIBYG,3815,9403,2,0.045476085685198515
STZDBITS,ELQGMQWE,3815,2002,8,-0.15971580407761365
STZDBITS,LTOYKIML,3815,3909,9,-0.25545603999616046
STZDBITS,NZKBIBNU,3815,5609,12,-0.10131068993826228
STZDBITS,OXKURKXR,3815,5402,11,-0.2511200045232765
STZDBITS,QSDCUCLB,3815,2710,10,0.7196394328551912
STZDBITS,QVLMOEYE,3815,4202,2,0.07415048268430621
STZDBITS,UGEQLMXM,3815,8714,9,-0.12491490557381461
STZDBITS,UQYUIVVR,3815,8501,2,-0.7800143827120917
STZDBITS,XIIEJNEE,3815,3815,3,1.4657027485396845
STZDBITS,XMKRPGLB,3815,2529,5,-0.3136076114074582
SUOYXCHP,ANWUJOKX,2805,4403,11,11.911601922443689
SUOYXCHP,DNMPSKTB,2805,2811,11,0.4548114729617605
SUOYXCHP,FITUEHWN,2805,8714,3,-1.6824284114041101
SUOYXCHP,HXYSSRXE,2805,2836,11,-0.43017099546734544
SUOYXCHP,RCBZUSIM,2805,2805,6,-4.145521923588643
SUOYXCHP,RJGPVEXX,2805,2811,6,-1.2248228675085715
SUOYXCHP,UIFPPCLR,2805,8102,6,-4.998197408458503
SUOYXCHP,UQYUIVVR,2805,8501,8,7.570133222431369
SUOYXCHP,WHPUAOID,2805,5512,5,-10.845417110434786
SUOYXCHP,XUOIQPFL,2805,5205,10,-0.5126689465227037
SUOYXCHP,ZCELVYQU,2805,8461,12,-11.693005779206457
TANNMIMB,AANGBULD,4302,4810,6,9.271608627046986
TANNMIMB,ELQGMQWE,4302,2002,12,-0.8944967035104172
TANNMIMB,HCDTGMST,4302,6006,11,-4.632964093535082
TANNMIMB,MBSBZBXA,4302,2846,7,0.9535896988935513
TANNMIMB,NZKBIBNU,4302,5609,12,-0.585316922810456
TANNMIMB,QSDCUCLB,4302,2710,10,3.3918729669762206
TANNMIMB,UGEQLMXM,4302,8714,10,0.6903503031347872
TANNMIMB,UQYUIVVR,4302,8501,2,-5.4044982444545075
TGOELCAG,DDEXPPXU,7207,2807,12,5.418925104104272
TGOELCAG,FITUEHWN,7207,8714,3,2.8123938323227406
TGOELCAG,IGDVVKUD,7207,3824,8,15.763558094825472
TGOELCAG,MIRCVAMV,7207,4408,9,-21.02361847893616
TGOELCAG,OJIFIHMZ,7207,3815,5,-4.2642318743957155
TGOELCAG,QSDCUCLB,7207,2710,5,-11.721935749160357
TGOELCAG,SNHYOVBM,7207,3824,5,11.576028873442013
TGOELCAG,UGEQLMXM,7207,8714,5,-2.391965556336615
TGOELCAG,UIFPPCLR,7207,8102,3,7.9289127863848
TGOELCAG,WPQXWHYO,7207,2811,2,-1.1823265608517295
UGEQLMXM,BEZYMBBT,8714,3207,5,-0.06483122747018676
UGEQLMXM,DDEXPPXU,8714,2807,7,-0.36211160411781773
UGEQLMXM,FQCLOEXA,8714,8102,3,0.07230429905233539
UGEQLMXM,FRHNWLNI,8714,2846,9,0.10051671994553667
UGEQLMXM,KAGJCHMR,8714,8467,12,-0.7291273543026711
UGEQLMXM,QJQJSWFU,8714,3307,9,-0.19330769546284446
UGEQLMXM,WQMVCOEM,8714,2805,8,-0.7319689130067059
UGEQLMXM,XIFHSOWQ,8714,8708,11,-0.19438695588817997
UGEQLMXM,XIIEJNEE,8714,3815,10,1.5096133573282633
UGEQLMXM,YSYHGLQK,8714,2807,12,-0.7930330489629686
UIFPPCLR,APQGTRMF,8102,8105,5,-2.6394438159534497
UIFPPCLR,ATLDMDBO,8102,2814,11,-0.3306769251249529
UIFPPCLR,BJALXPFS,8102,2847,3,0.7581265946215252
UIFPPCLR,DBWLZWNK,8102,5602,10,0.6181579770270166
UIFPPCLR,FQCLOEXA,8102,8102,10,-0.22899882756695053
UIFPPCLR,FWUCPMMW,8102,2701,7,-3.4427819244431186
UIFPPCLR,GKQIJYDH,8102,8501,9,1.1538433986679704
UIFPPCLR,LRVGFDFM,8102,3102,9,-1.3576970347981654
UIFPPCLR,OXKURKXR,8102,5402,4,-0.9434622557635499
UIFPPCLR,QJQJSWFU,8102,3307,11,0.5043474113621259
UIFPPCLR,QKXNTIIB,8102,8501,4,-0.6435902326267231
UIFPPCLR,QRKRBYJL,8102,2841,11,-0.4909284597984433
UIFPPCLR,SAHWCZNH,8102,2825,5,0.9240637979839631
UIFPPCLR,SDWAYPIK,8102,7207,8,-0.4869799841734637
UIFPPCLR,SNHYOVBM,8102,3824,12,2.770850957883043
UIFPPCLR,STZDBITS,8102,3815,6,-0.4823840686672817
UIFPPCLR,VBYCLTYZ,8102,8505,9,0.4809115080149663
UIFPPCLR,WQMVCOEM,8102,2805,10,3.219374926634705
UQYUIVVR,BTMOEMEP,8501,3102,9,0.8111300597860304
UQYUIVVR,ELQGMQWE,8501,2002,6,1.1394344444166844
UQYUIVVR,LPHPPJUG,8501,3824,5,-0.36230262170797123
UQYUIVVR,LTOYKIML,8501,3909,7,2.3310919817135853
UQYUIVVR,OJIFIHMZ,8501,3815,12,1.6417212195194801
UQYUIVVR,OXKURKXR,8501,5402,10,-1.1883816571454016
UQYUIVVR,QSDCUCLB,8501,2710,8,-4.032987122424261
UQYUIVVR,SAHWCZNH,8501,2825,11,1.9846280720790752
UQYUIVVR,UIFPPCLR,8501,8102,12,3.656746923282656
UQYUIVVR,VUAFAIYJ,8501,6101,9,1.056451928773618
UXSPKBJR,BUZIIBYG,3206,9403,3,0.05980464351113163
UXSPKBJR,DEWLVASR,3206,3038,3,-1.0823399820264366
UXSPKBJR,FCYBOAXC,3206,3824,8,0.02662776293192009
UXSPKBJR,FTSVTTSR,3206,2529,8,1.0803933110347541
UXSPKBJR,JPBRUTWP,3206,3904,9,-0.07380292286968333
UXSPKBJR,KJNSOAHR,3206,8479,11,-0.20590325661068196
UXSPKBJR,LPHPPJUG,3206,3824,9,-0.06934165823701118
UXSPKBJR,PYZMVUWD,3206,3824,12,-2.0352415927390872
UXSPKBJR,RCBZUSIM,3206,2805,4,0.6788368785565931
UXSPKBJR,SAAYMURU,3206,3215,10,0.4541805067275244
UXSPKBJR,STZDBITS,3206,3815,10,-0.16237491424790224
UXSPKBJR,VMAQSTJE,3206,8527,9,-0.22450059635804667
UXSPKBJR,VWMBASNE,3206,2811,5,-0.3661878549795029
UXSPKBJR,XIPPENFQ,3206,2501,3,-0.23211786605914278
UXSPKBJR,ZKENOUDA,3206,2805,3,-0.5685661538976623
VBYCLTYZ,AHMDUILJ,8505,2102,3,0.15821964694775684
VBYCLTYZ,ANWUJOKX,8505,4403,8,-1.0778416002207587
VBYCLTYZ,ATLDMDBO,8505,2814,7,0.07277205285499833
VBYCLTYZ,BLANHGYY,8505,9022,2,1.4476284930582375
VBYCLTYZ,DBWLZWNK,8505,5602,7,0.13722135268780983
VBYCLTYZ,EVBVXETX,8505,3404,5,0.04125933369311002
VBYCLTYZ,FITUEHWN,8505,8714,10,0.1223916889975643
VBYCLTYZ,FQCLOEXA,8505,8102,10,-0.06520278689499312
VBYCLTYZ,LPHPPJUG,8505,3824,12,0.036597919687695026
VBYCLTYZ,RJGPVEXX,8505,2811,4,-0.12023320984877775
VBYCLTYZ,TGOELCAG,8505,7207,9,1.7838166381851694
VBYCLTYZ,UGEQLMXM,8505,8714,12,-0.09462125686611812
VBYCLTYZ,VUAFAIYJ,8505,6101,5,0.159435255959587
VBYCLTYZ,XMKRPGLB,8505,2529,10,-0.28309472522221196
VBYCLTYZ,ZCELVYQU,8505,8461,6,1.0803847688179933
VMAQSTJE,AANGBULD,8527,4810,5,2.5039329021438994
VMAQSTJE,APQGTRMF,8527,8105,6,1.0554655379984548
VMAQSTJE,BLANHGYY,8527,9022,9,-2.6278030719009324
VMAQSTJE,BSRMSVTC,8527,2805,8,0.45855988666262926
VMAQSTJE,BTMOEMEP,8527,3102,8,0.2662201077610248
VMAQSTJE,DJBLNPNC,8527,2805,8,-1.6319222313516857
VMAQSTJE,FITUEHWN,8527,8714,6,0.2570929398926608
VMAQSTJE,FQCLOEXA,8527,8102,7,0.10151306629184889
VMAQSTJE,MIRCVAMV,8527,4408,8,2.87856928645009
VMAQSTJE,RAWUKQMJ,8527,2916,8,-0.0886723861508747
VMAQSTJE,STZDBITS,8527,3815,2,-0.20322664065109747
VMAQSTJE,UQYUIVVR,8527,8501,5,-1.1615542355489388
VMAQSTJE,XMKRPGLB,8527,2529,6,-0.4485125755698102
VUAFAIYJ,AHMDUILJ,6101,2102,11,-0.20541309818426692
VUAFAIYJ,ATLDMDBO,6101,2814,8,-0.14633283576992356
VUAFAIYJ,DBWLZWNK,6101,5602,6,-0.22040195096814272
VUAFAIYJ,IGDVVKUD,6101,3824,2,1.7615718201881176
VUAFAIYJ,QSDCUCLB,6101,2710,10,0.7983073542352401
VUAFAIYJ,SAAYMURU,6101,3215,9,0.3872173736618499
VUAFAIYJ,SNHYOVBM,6101,3824,9,1.2790406355575268
VUAFAIYJ,SUOYXCHP,6101,2805,9,-1.7732845019597745
VUAFAIYJ,TGOELCAG,6101,7207,5,-3.39182946983349
VUAFAIYJ,UGEQLMXM,6101,8714,8,0.16919456733495022
VUAFAIYJ,WPQXWHYO,6101,2811,8,-0.08665176480137605
VWMBASNE,NZKBIBNU,2811,5609,8,0.17059843608110756
VWMBASNE,OJIFIHMZ,2811,3815,8,0.47998102458426495
VWMBASNE,OXKURKXR,2811,5402,6,-0.39177679376626645
VWMBASNE,QRKRBYJL,2811,2841,4,-0.27265416941643833
VWMBASNE,STZDBITS,2811,3815,7,0.220160065821331
VWMBASNE,TGOELCAG,2811,7207,3,-4.235966675027149
VWMBASNE,WQMVCOEM,2811,2805,9,1.3357581538825802
VWMBASNE,ZGJXVMNI,2811,3006,5,-0.15259739771912897
VWMBASNE,ZKENOUDA,2811,2805,5,-0.7642248575912357
WBLJNPZQ,AHMDUILJ,5309,2102,7,-0.1482433251237603
WBLJNPZQ,ATLDMDBO,5309,2814,12,0.07804867765692276
WBLJNPZQ,CCLHWFWF,5309,6211,3,0.1034856484208427
WBLJNPZQ,DJBLNPNC,5309,2805,3,-1.2911524665609224
WBLJNPZQ,MIRCVAMV,5309,4408,9,-1.512087375817229
WBLJNPZQ,OXKURKXR,5309,5402,8,0.2232608033189495
WBLJNPZQ,QKXNTIIB,5309,8501,8,0.16569590524189143
WBLJNPZQ,QRKRBYJL,5309,2841,7,-0.14781240876816637
WBLJNPZQ,QSDCUCLB,5309,2710,6,0.8155096766320562
WBLJNPZQ,TANNMIMB,5309,4302,5,-0.714049121166854
WBLJNPZQ,VUAFAIYJ,5309,6101,8,0.2762414869612765
WBLJNPZQ,ZCELVYQU,5309,8461,10,-1.0564661542107356
WHPUAOID,APQGTRMF,5512,8105,11,6.810723566034829
WHPUAOID,AXULOHBQ,5512,5515,8,-0.9257117234173955
WHPUAOID,BLANHGYY,5512,9022,11,-14.391843390392902
WHPUAOID,DJBLNPNC,5512,2805,9,10.71739316949427
WHPUAOID,GYHKIVQT,5512,8505,4,-0.7353364923722585
WHPUAOID,HXYSSRXE,5512,2836,9,-0.45316211863054656
WHPUAOID,LPHPPJUG,5512,3824,11,-0.49991348552584725
WHPUAOID,LRVGFDFM,5512,3102,4,2.8314334455985524
WHPUAOID,LTOYKIML,5512,3909,11,2.4580214321121674
WHPUAOID,RJGPVEXX,5512,2811,3,1.3056020569632234
WHPUAOID,UQYUIVVR,5512,8501,6,7.673321411432961
WHPUAOID,UXSPKBJR,5512,3206,10,1.3073707253884357
WHPUAOID,VMAQSTJE,5512,8527,2,1.7842794158949573
WHPUAOID,VWMBASNE,5512,2811,10,1.9516941522100189
WHPUAOID,WBLJNPZQ,5512,5309,7,1.3772215372336345
WHPUAOID,XMKRPGLB,5512,2529,6,-2.2309210346649744
WPQXWHYO,AHMDUILJ,2811,2102,3,0.07987630904577
WPQXWHYO,ANWUJOKX,2811,4403,8,-0.6072907914223107
WPQXWHYO,BLANHGYY,2811,9022,12,0.8586981868742647
WPQXWHYO,DJBLNPNC,2811,2805,10,-0.6065414159722877
WPQXWHYO,QSDCUCLB,2811,2710,3,0.3563388400260104
WPQXWHYO,RJGPVEXX,2811,2811,3,0.09276282195316053
WPQXWHYO,TANNMIMB,2811,4302,2,-0.4973932128704387
WPQXWHYO,UQYUIVVR,2811,8501,4,0.415983145489267
WPQXWHYO,VMAQSTJE,2811,8527,3,-0.10818775017771054
WPQXWHYO,WBLJNPZQ,2811,5309,7,0.07322711325688512
WPQXWHYO,XIIEJNEE,2811,3815,4,0.796827957312605
WPQXWHYO,XMKRPGLB,2811,2529,6,-0.13952347346541064
WQMVCOEM,LRVGFDFM,2805,3102,2,-2.0015773688784786
WQMVCOEM,RJGPVEXX,2805,2811,2,0.6483642652385727
WQMVCOEM,XIFHSOWQ,2805,8708,3,1.2313225313516878
XIFHSOWQ,ANWUJOKX,8708,4403,11,-1.7173408173819003
XIFHSOWQ,FTSVTTSR,8708,2529,3,1.4808944466067333
XIFHSOWQ,JPBRUTWP,8708,3904,4,-0.10453030365528944
XIFHSOWQ,NAQIHUKZ,8708,3813,11,2.307679939208125
XIFHSOWQ,OKMBFVKS,8708,5705,11,-0.06903638646248594
XIFHSOWQ,RJGPVEXX,8708,2811,6,0.22918879710492912
XIFHSOWQ,ROACSLMG,8708,8505,4,-0.11610808801759977
XIFHSOWQ,SUOYXCHP,8708,2805,9,-2.2285266694921444
XIIEJNEE,BLANHGYY,3815,9022,8,20.050096756152826
XIIEJNEE,DEWLVASR,3815,3038,7,-8.508797777268184
XIIEJNEE,EVBVXETX,3815,3404,3,0.532628663403064
XIIEJNEE,FTSVTTSR,3815,2529,12,9.882624890435403
XIIEJNEE,FWUCPMMW,3815,2701,8,11.149849586973861
XIIEJNEE,HCDTGMST,3815,6006,8,-10.506507715181593
XIIEJNEE,KAGJCHMR,3815,8467,4,9.521775267016498
XIIEJNEE,MBSBZBXA,3815,2846,9,2.226589111373184
XIIEJNEE,QJQJSWFU,3815,3307,6,-2.476767189541701
XIIEJNEE,SUOYXCHP,3815,2805,9,-14.530377085752045
XIIEJNEE,WHPUAOID,3815,5512,11,-10.744185706939712
XIIEJNEE,YSYHGLQK,3815,2807,12,-6.4612475359704815
XIIEJNEE,ZKENOUDA,3815,2805,7,-4.74141018893094
XIPPENFQ,AANGBULD,2501,4810,11,2.5363408843356643
XIPPENFQ,AHMDUILJ,2501,2102,2,-0.19951130477062745
XIPPENFQ,BEZYMBBT,2501,3207,10,0.08419716521634461
XIPPENFQ,NZKBIBNU,2501,5609,11,-0.12164463251050049
XIPPENFQ,QJQJSWFU,2501,3307,4,0.20764094865129795
XIPPENFQ,SAAYMURU,2501,3215,7,-0.3491216439550594
XIPPENFQ,VMAQSTJE,2501,8527,5,-0.25412219282206105
XIPPENFQ,XIFHSOWQ,2501,8708,2,-0.2713500213069039
XIPPENFQ,ZCELVYQU,2501,8461,7,-1.309957054356714
XMKRPGLB,AHMDUILJ,2529,2102,7,-0.3603206399212926
XMKRPGLB,BLANHGYY,2529,9022,2,-4.152427115261102
XMKRPGLB,BSRMSVTC,2529,2805,2,-0.9435937117003446
XMKRPGLB,LTOYKIML,2529,3909,9,0.485356555027773
XMKRPGLB,MIRCVAMV,2529,4408,3,4.594925170613825
XMKRPGLB,OJIFIHMZ,2529,3815,12,-0.6506200403417829
XMKRPGLB,OXKURKXR,2529,5402,6,0.44668620122588304
XMKRPGLB,QKXNTIIB,2529,8501,7,-0.3205729183644401
XMKRPGLB,QVLMOEYE,2529,4202,7,-0.11342305097859606
XMKRPGLB,TANNMIMB,2529,4302,7,-1.6493399262531294
XMKRPGLB,XIIEJNEE,2529,3815,9,2.6771970447079423
XMKRPGLB,XIPPENFQ,2529,2501,5,0.33720610862602546
XMKRPGLB,ZCELVYQU,2529,8461,11,2.260974630354509
XMKRPGLB,ZGJXVMNI,2529,3006,4,-0.16221511875592448
XUOIQPFL,APQGTRMF,5205,8105,6,0.34523023354032084
XUOIQPFL,FITUEHWN,5205,8714,9,-0.0784401561729388
XUOIQPFL,FQCLOEXA,5205,8102,5,0.03817612861547577
XUOIQPFL,QSDCUCLB,5205,2710,12,-0.29492857882521095
YSYHGLQK,AANGBULD,2807,4810,5,-8.305720500673244
YSYHGLQK,BUZIIBYG,2807,9403,12,0.19136158395827133
YSYHGLQK,JBVHSUWY,2807,1210,7,1.506731323171508
YSYHGLQK,JERHKLYW,2807,4601,5,-1.925619327855842
YSYHGLQK,RAWUKQMJ,2807,2916,10,-0.26756718514811884
YSYHGLQK,SDWAYPIK,2807,7207,9,0.6073223611825765
YSYHGLQK,UQYUIVVR,2807,8501,5,5.372963883135572
YSYHGLQK,XIFHSOWQ,2807,8708,12,1.0324703890255302
ZCELVYQU,APQGTRMF,8461,8105,4,7.785663219906802
ZCELVYQU,BEZYMBBT,8461,3207,4,0.7045924723097443
ZCELVYQU,FITUEHWN,8461,8714,6,1.8927857090720774
ZCELVYQU,FQCLOEXA,8461,8102,4,-0.7297803278867251
ZCELVYQU,LRVGFDFM,8461,3102,9,-3.1302880816660004
ZCELVYQU,LUENUFGA,8461,2833,6,1.3447297658638158
ZCELVYQU,QRKRBYJL,8461,2841,4,1.6108273451744877
ZCELVYQU,QSDCUCLB,8461,2710,10,-5.4631956145447305
ZCELVYQU,QVLMOEYE,8461,4202,2,-0.6510673139123965
ZCELVYQU,TGOELCAG,8461,7207,3,29.967210138534483
ZCELVYQU,UGEQLMXM,8461,8714,9,1.1572206254651078
ZCELVYQU,UQYUIVVR,8461,8501,12,7.719399356339541
ZCELVYQU,UXSPKBJR,8461,3206,2,-1.808545989201918
ZGJXVMNI,AHMDUILJ,3006,2102,9,-0.08758900499873941
ZGJXVMNI,BTMOEMEP,3006,3102,7,-0.08373413513703251
ZGJXVMNI,GKQIJYDH,3006,8501,12,0.1616042345312702
ZGJXVMNI,HXYSSRXE,3006,2836,11,-0.018993901682298742
ZGJXVMNI,LTOYKIML,3006,3909,6,0.15659520840115068
ZGJXVMNI,OJIFIHMZ,3006,3815,12,-0.1297185558494854
ZGJXVMNI,OXKURKXR,3006,5402,8,0.10772954054464245
ZGJXVMNI,QVLMOEYE,3006,4202,4,-0.03853909473896304
ZGJXVMNI,SAHWCZNH,3006,2825,11,-0.09224438738817844
ZGJXVMNI,UGEQLMXM,3006,8714,11,0.07951288515464228
ZGJXVMNI,WHPUAOID,3006,5512,3,-0.7013578688557396
ZGJXVMNI,WQMVCOEM,3006,2805,4,-0.5199557044843468
ZKENOUDA,FRHNWLNI,2805,2846,9,0.3341099145166599
ZKENOUDA,FTSVTTSR,2805,2529,5,-2.8182625202446507
ZKENOUDA,LRVGFDFM,2805,3102,6,1.1807171400709782
ZKENOUDA,SAAYMURU,2805,3215,12,-0.8665613078466917
ZKENOUDA,SUOYXCHP,2805,2805,9,4.449867165458291
ZKENOUDA,TANNMIMB,2805,4302,3,2.3346732720282417
ZKENOUDA,UQYUIVVR,2805,8501,9,-2.580255246575404
ZXERAXWP,BLANHGYY,4802,9022,8,4.069795252730068
ZXERAXWP,DBWLZWNK,4802,5602,6,-0.3603873193143194
ZXERAXWP,DEWLVASR,4802,3038,6,2.0738113965512133
ZXERAXWP,DJBLNPNC,4802,2805,3,2.7805599611242506
ZXERAXWP,EVBVXETX,4802,3404,4,-0.09768717754352399
ZXERAXWP,FDXPMYGF,4802,7907,12,-1.9915437710599893
ZXERAXWP,FQCLOEXA,4802,8102,10,-0.18886655840120184
ZXERAXWP,FTSVTTSR,4802,2529,12,2.429599431725776
ZXERAXWP,LRVGFDFM,4802,3102,11,-0.8165397572594921
ZXERAXWP,MIRCVAMV,4802,4408,3,-4.13158140957557
ZXERAXWP,SNHYOVBM,4802,3824,10,-1.93547530837852
ZXERAXWP,SUOYXCHP,4802,2805,9,-3.49021923389606
ZXERAXWP,TANNMIMB,4802,4302,11,1.6099199154426818
ZXERAXWP,UXSPKBJR,4802,3206,3,-0.4220302903311034
ZXERAXWP,WPQXWHYO,4802,2811,12,0.17017030377604853
ZXERAXWP,ZKENOUDA,4802,2805,8,1.1243591034087914
