선행품목,후행품목,선행품목hs4,후행품목hs4,MI,최적지연기간
AANGBULD,BTMOEMEP,4810,3102,0.2890918539726641,1
AANGBULD,DEWLVASR,4810,3038,0.2670708014856218,4
AANGBULD,KJNSOAHR,4810,8479,0.32462389589083696,5
AANGBULD,NZKBIBNU,4810,5609,0.2890845537324229,2
AANGBULD,OJIFIHMZ,4810,3815,0.3254273885471817,12
AANGBULD,QVLMOEYE,4810,4202,0.34187677268078187,8
AANGBULD,RCBZUSIM,4810,2805,0.28756302782036336,7
AANGBULD,SAAYMURU,4810,3215,0.3268578477212827,8
AANGBULD,SNHYOVBM,4810,3824,0.26646901077610674,10
AHMDUILJ,LUENUFGA,2102,2833,0.2639672847753154,9
AHMDUILJ,MBSBZBXA,2102,2846,0.2733775248134287,9
AHMDUILJ,OGAFEHLU,2102,7202,0.2628409603886719,10
AHMDUILJ,OXKURKXR,2102,5402,0.28778854674437815,11
AHMDUILJ,QKXNTIIB,2102,8501,0.2569368219558794,2
AHMDUILJ,SAHWCZNH,2102,2825,0.2679366340235725,11
AHMDUILJ,TGOELCAG,2102,7207,0.32380350621259213,5
AHMDUILJ,UIFPPCLR,2102,8102,0.29672593332784425,8
AHMDUILJ,VMAQSTJE,2102,8527,0.3081786313627315,10
AHMDUILJ,WBLJNPZQ,2102,5309,0.26586764478441616,12
AHMDUILJ,XMKRPGLB,2102,2529,0.25341479001048883,10
ANWUJOKX,BJALXPFS,4403,2847,0.2550901121044924,9
ANWUJOKX,GMBFCMIU,4403,3003,0.2546298390862316,1
ANWUJOKX,RUVXNNVA,4403,2612,0.30215423055447044,1
ANWUJOKX,TANNMIMB,4403,4302,0.2958817562649694,8
ANWUJOKX,WBLJNPZQ,4403,5309,0.2856738623169979,2
ANWUJOKX,WPQXWHYO,4403,2811,0.26228155847647816,11
APQGTRMF,AHMDUILJ,8105,2102,0.326009905591073,11
APQGTRMF,AXULOHBQ,8105,5515,0.2767092464011369,9
APQGTRMF,DEWLVASR,8105,3038,0.376627102941161,9
APQGTRMF,KAGJCHMR,8105,8467,0.3390221078427702,10
APQGTRMF,MIRCVAMV,8105,4408,0.3238499519621256,12
APQGTRMF,NZKBIBNU,8105,5609,0.2685526100109663,8
APQGTRMF,OJIFIHMZ,8105,3815,0.4130639853249378,7
APQGTRMF,VUAFAIYJ,8105,6101,0.26000369117746214,12
APQGTRMF,WQMVCOEM,8105,2805,0.26294386036613115,8
ATLDMDBO,JPBRUTWP,2814,3904,0.27160207887373966,1
ATLDMDBO,KAGJCHMR,2814,8467,0.26653266907038775,11
ATLDMDBO,NZKBIBNU,2814,5609,0.2514883228641587,10
ATLDMDBO,OGAFEHLU,2814,7202,0.261736439408768,6
ATLDMDBO,RCBZUSIM,2814,2805,0.2601819071790943,5
ATLDMDBO,ROACSLMG,2814,8505,0.2762053801842099,2
ATLDMDBO,STZDBITS,2814,3815,0.266721842798884,1
ATLDMDBO,TGOELCAG,2814,7207,0.2786525159419613,2
ATLDMDBO,YSYHGLQK,2814,2807,0.3351398148577034,12
ATLDMDBO,ZCELVYQU,2814,8461,0.2987397643796772,1
AXULOHBQ,FCYBOAXC,5515,3824,0.2591569376952787,6
AXULOHBQ,FRHNWLNI,5515,2846,0.2974656793655135,1
AXULOHBQ,GYHKIVQT,5515,8505,0.3120434079281371,1
AXULOHBQ,JERHKLYW,5515,4601,0.2981255941613461,5
AXULOHBQ,MIRCVAMV,5515,4408,0.2776411372921439,9
AXULOHBQ,NAQIHUKZ,5515,3813,0.3604505850112858,4
AXULOHBQ,OXKURKXR,5515,5402,0.32979257388054073,6
AXULOHBQ,QKXNTIIB,5515,8501,0.33969412767711926,6
AXULOHBQ,RCBZUSIM,5515,2805,0.2811394947722232,8
AXULOHBQ,SAHWCZNH,5515,2825,0.29487744995015586,3
AXULOHBQ,UGEQLMXM,5515,8714,0.2626588255852331,9
AXULOHBQ,XIPPENFQ,5515,2501,0.35686270380427043,10
AXULOHBQ,XMKRPGLB,5515,2529,0.25576833475511407,9
BEZYMBBT,DUCMGGNW,3207,3806,0.2654344914470834,2
BEZYMBBT,FITUEHWN,3207,8714,0.38644373697176837,7
BEZYMBBT,HCDTGMST,3207,6006,0.2917611845998236,11
BEZYMBBT,JPBRUTWP,3207,3904,0.31940460268049,8
BEZYMBBT,KEUWZRKO,3207,8102,0.3083499313699227,9
BEZYMBBT,MBSBZBXA,3207,2846,0.2522178800500994,3
BEZYMBBT,QRKRBYJL,3207,2841,0.2953012813510951,5
BEZYMBBT,TGOELCAG,3207,7207,0.4170041905263977,6
BEZYMBBT,WBLJNPZQ,3207,5309,0.2582178022214707,1
BEZYMBBT,WHPUAOID,3207,5512,0.30452726434993505,8
BEZYMBBT,WPQXWHYO,3207,2811,0.2575793333826697,8
BEZYMBBT,XIIEJNEE,3207,3815,0.3281578424832716,4
BEZYMBBT,ZXERAXWP,3207,4802,0.2775515904731618,3
BJALXPFS,DDEXPPXU,2847,2807,0.304007966393141,7
BJALXPFS,FQCLOEXA,2847,8102,0.3202844911819116,12
BJALXPFS,FWUCPMMW,2847,2701,0.25397366040923197,2
BJALXPFS,JSLXRQOK,2847,5119,0.27226710541038734,12
BJALXPFS,NZKBIBNU,2847,5609,0.3173754879694157,5
BJALXPFS,OGAFEHLU,2847,7202,0.31599054767326784,8
BJALXPFS,PYZMVUWD,2847,3824,0.25299232828819385,2
BJALXPFS,SAAYMURU,2847,3215,0.2780559331854682,7
BJALXPFS,SNHYOVBM,2847,3824,0.26284476951249136,9
BJALXPFS,SUOYXCHP,2847,2805,0.261890773515006,9
BJALXPFS,UIFPPCLR,2847,8102,0.2565245103436613,10
BJALXPFS,VBYCLTYZ,2847,8505,0.2656965789903616,6
BJALXPFS,VMAQSTJE,2847,8527,0.31364857069837404,9
BJALXPFS,WPQXWHYO,2847,2811,0.2893302946366205,12
BJALXPFS,XIIEJNEE,2847,3815,0.4352712817333164,10
BJALXPFS,ZKENOUDA,2847,2805,0.30170153965726376,6
BLANHGYY,BJALXPFS,9022,2847,0.2520169404122674,7
BLANHGYY,DBWLZWNK,9022,5602,0.26991429574843107,2
BLANHGYY,KEUWZRKO,9022,8102,0.2795848806652004,12
BLANHGYY,MBSBZBXA,9022,2846,0.26700292035049555,10
BLANHGYY,OGAFEHLU,9022,7202,0.25797967922247356,2
BLANHGYY,UGEQLMXM,9022,8714,0.25114569457895564,12
BLANHGYY,VWMBASNE,9022,2811,0.31665255912442136,9
BLANHGYY,WBLJNPZQ,9022,5309,0.311689445533319,1
BLANHGYY,WHPUAOID,9022,5512,0.374632362475837,2
BLANHGYY,ZXERAXWP,9022,4802,0.287908825347555,8
BSRMSVTC,AANGBULD,2805,4810,0.2688442786745986,12
BSRMSVTC,AHMDUILJ,2805,2102,0.256273353876022,6
BSRMSVTC,AXULOHBQ,2805,5515,0.2668248590316087,12
BSRMSVTC,BTMOEMEP,2805,3102,0.2620849045567675,9
BSRMSVTC,BUZIIBYG,2805,9403,0.3104452826867403,2
BSRMSVTC,EVBVXETX,2805,3404,0.2832210615345825,2
BSRMSVTC,FDXPMYGF,2805,7907,0.2637836706164225,9
BSRMSVTC,FWUCPMMW,2805,2701,0.27741805007310427,4
BSRMSVTC,JBVHSUWY,2805,1210,0.25869999905041485,9
BSRMSVTC,KAGJCHMR,2805,8467,0.3314757390839107,2
BSRMSVTC,LSOIUSXD,2805,5111,0.25642737957164785,6
BSRMSVTC,NAQIHUKZ,2805,3813,0.26487486810876293,9
BSRMSVTC,OJIFIHMZ,2805,3815,0.29046388934044076,10
BSRMSVTC,OXKURKXR,2805,5402,0.30409037419901574,5
BSRMSVTC,QVLMOEYE,2805,4202,0.30386856308952703,8
BSRMSVTC,RJGPVEXX,2805,2811,0.2797099035124866,6
BSRMSVTC,TGOELCAG,2805,7207,0.27075709933929115,10
BSRMSVTC,VMAQSTJE,2805,8527,0.2779095553032547,6
BSRMSVTC,WHPUAOID,2805,5512,0.2648113660883906,4
BSRMSVTC,XIPPENFQ,2805,2501,0.36097325386122314,11
BTMOEMEP,AXULOHBQ,3102,5515,0.2954519629293415,12
BTMOEMEP,BSRMSVTC,3102,2805,0.26820557502993836,11
BTMOEMEP,JBVHSUWY,3102,1210,0.3428179071997315,10
BTMOEMEP,KJNSOAHR,3102,8479,0.2986241491333681,8
BTMOEMEP,OXKURKXR,3102,5402,0.35712027202750996,9
BTMOEMEP,QRKRBYJL,3102,2841,0.43098624121285645,12
BTMOEMEP,ROACSLMG,3102,8505,0.26161947092064786,9
BTMOEMEP,WHPUAOID,3102,5512,0.26626636742294796,10
BTMOEMEP,WPQXWHYO,3102,2811,0.3021361074040123,8
BTMOEMEP,XIFHSOWQ,3102,8708,0.2524590684652459,8
BTMOEMEP,XMKRPGLB,3102,2529,0.28690745697491016,4
BUZIIBYG,ATLDMDBO,9403,2814,0.34196893867232303,12
BUZIIBYG,BSRMSVTC,9403,2805,0.32673271037916063,2
BUZIIBYG,DDEXPPXU,9403,2807,0.31139552372584367,12
BUZIIBYG,FDXPMYGF,9403,7907,0.3159882682992383,12
BUZIIBYG,FITUEHWN,9403,8714,0.3929038022075013,10
BUZIIBYG,FQCLOEXA,9403,8102,0.275854885352083,10
BUZIIBYG,GKQIJYDH,9403,8501,0.31624368619584686,10
BUZIIBYG,JBVHSUWY,9403,1210,0.2578066125600391,8
BUZIIBYG,MBSBZBXA,9403,2846,0.3093239809032111,5
BUZIIBYG,OKMBFVKS,9403,5705,0.2832727917679718,11
BUZIIBYG,TGOELCAG,9403,7207,0.3468034098339894,1
BUZIIBYG,UGEQLMXM,9403,8714,0.30877274455288184,6
BUZIIBYG,XMKRPGLB,9403,2529,0.27580569651994313,3
BUZIIBYG,ZGJXVMNI,9403,3006,0.2552057609196883,6
BUZIIBYG,ZXERAXWP,9403,4802,0.3239908311909985,8
CCLHWFWF,DBWLZWNK,6211,5602,0.3419976017444155,11
CCLHWFWF,DNMPSKTB,6211,2811,0.3050593932755503,1
CCLHWFWF,DUCMGGNW,6211,3806,0.27855961800063245,2
CCLHWFWF,LPHPPJUG,6211,3824,0.265676947164057,7
CCLHWFWF,MBSBZBXA,6211,2846,0.2510770961066564,9
CCLHWFWF,OGAFEHLU,6211,7202,0.29173744791756606,5
CCLHWFWF,OKMBFVKS,6211,5705,0.3020608494429182,7
CCLHWFWF,QVLMOEYE,6211,4202,0.2901406594314073,9
CCLHWFWF,TGOELCAG,6211,7207,0.35675668945873884,7
CCLHWFWF,VBYCLTYZ,6211,8505,0.2567811302979486,4
CCLHWFWF,VMAQSTJE,6211,8527,0.32474331249127264,5
CCLHWFWF,YSYHGLQK,6211,2807,0.3355082767287403,6
CCLHWFWF,ZXERAXWP,6211,4802,0.25571799567378184,3
DBWLZWNK,BEZYMBBT,5602,3207,0.3433453015749748,9
DBWLZWNK,BTMOEMEP,5602,3102,0.37542507852888685,12
DBWLZWNK,FRHNWLNI,5602,2846,0.3317801375558642,11
DBWLZWNK,GYHKIVQT,5602,8505,0.3472983137715824,2
DBWLZWNK,JERHKLYW,5602,4601,0.2511875372678569,12
DBWLZWNK,KAGJCHMR,5602,8467,0.33401141186471595,12
DBWLZWNK,OJIFIHMZ,5602,3815,0.2611445484668131,5
DBWLZWNK,SNHYOVBM,5602,3824,0.2590596927962694,8
DBWLZWNK,SUOYXCHP,5602,2805,0.37923140734832783,7
DBWLZWNK,TGOELCAG,5602,7207,0.26193836253174707,3
DDEXPPXU,AANGBULD,2807,4810,0.26574555760860896,11
DDEXPPXU,DNMPSKTB,2807,2811,0.25815013398296527,10
DDEXPPXU,ELQGMQWE,2807,2002,0.3043617782907613,11
DDEXPPXU,JERHKLYW,2807,4601,0.3103932656265256,4
DDEXPPXU,JSLXRQOK,2807,5119,0.37294802941979777,6
DDEXPPXU,LLHREMKS,2807,2807,0.3501988705023762,3
DDEXPPXU,OGAFEHLU,2807,7202,0.32428320161873003,1
DDEXPPXU,OXKURKXR,2807,5402,0.2543225445180082,5
DDEXPPXU,XIPPENFQ,2807,2501,0.27070875711529574,1
DDEXPPXU,ZXERAXWP,2807,4802,0.27680245710703755,10
DEWLVASR,FRHNWLNI,3038,2846,0.3176665320480707,11
DEWLVASR,HCDTGMST,3038,6006,0.3369180732135755,1
DEWLVASR,JERHKLYW,3038,4601,0.25083422422379087,7
DEWLVASR,KAGJCHMR,3038,8467,0.2993915945076062,8
DEWLVASR,LPHPPJUG,3038,3824,0.28572570246319895,12
DEWLVASR,LSOIUSXD,3038,5111,0.2903304349947884,9
DEWLVASR,UQYUIVVR,3038,8501,0.3270759594563488,9
DJBLNPNC,BUZIIBYG,2805,9403,0.25079308097522857,7
DJBLNPNC,DNMPSKTB,2805,2811,0.2646965485418975,5
DJBLNPNC,FCYBOAXC,2805,3824,0.25298523877907186,7
DJBLNPNC,FITUEHWN,2805,8714,0.2662759258550309,7
DJBLNPNC,FQCLOEXA,2805,8102,0.2561070330507298,11
DJBLNPNC,FRHNWLNI,2805,2846,0.3347481885673269,6
DJBLNPNC,HXYSSRXE,2805,2836,0.3075113769198161,6
DJBLNPNC,IGDVVKUD,2805,3824,0.30736219214597105,9
DJBLNPNC,NZKBIBNU,2805,5609,0.25686779497480083,1
DJBLNPNC,OJIFIHMZ,2805,3815,0.256572256097614,7
DJBLNPNC,SAAYMURU,2805,3215,0.3291114186311108,10
DJBLNPNC,UQYUIVVR,2805,8501,0.25533357413346414,3
DJBLNPNC,XUOIQPFL,2805,5205,0.28804222681058356,4
DJBLNPNC,ZKENOUDA,2805,2805,0.2996913656483695,10
DNMPSKTB,AANGBULD,2811,4810,0.36781299857985106,12
DNMPSKTB,BJALXPFS,2811,2847,0.30967119146159616,4
DNMPSKTB,CCLHWFWF,2811,6211,0.2527980313177074,3
DNMPSKTB,DBWLZWNK,2811,5602,0.26251665529860446,9
DNMPSKTB,DDEXPPXU,2811,2807,0.3031081114019898,6
DNMPSKTB,GYHKIVQT,2811,8505,0.3043139513308035,12
DNMPSKTB,HXYSSRXE,2811,2836,0.3741175708147355,9
DNMPSKTB,RCBZUSIM,2811,2805,0.25932447677128057,6
DNMPSKTB,XIFHSOWQ,2811,8708,0.29455841021163165,9
DNMPSKTB,XIIEJNEE,2811,3815,0.33787818455220675,1
DUCMGGNW,FTSVTTSR,3806,2529,0.2816836795371036,11
DUCMGGNW,KEUWZRKO,3806,8102,0.28525838259781144,4
DUCMGGNW,KJNSOAHR,3806,8479,0.31967502844137563,12
DUCMGGNW,QRKRBYJL,3806,2841,0.2856587857769002,11
DUCMGGNW,RAWUKQMJ,3806,2916,0.31961804961395757,5
DUCMGGNW,SDWAYPIK,3806,7207,0.2683659994592964,5
DUCMGGNW,TGOELCAG,3806,7207,0.2525951649136391,12
ELQGMQWE,CCLHWFWF,2002,6211,0.3587298076754242,6
ELQGMQWE,FCYBOAXC,2002,3824,0.28454624597839695,9
ELQGMQWE,FQCLOEXA,2002,8102,0.28785606989785606,7
ELQGMQWE,GKQIJYDH,2002,8501,0.3500502537521726,10
ELQGMQWE,SNHYOVBM,2002,3824,0.2545116980682498,9
ELQGMQWE,ZGJXVMNI,2002,3006,0.37258766963872514,3
EVBVXETX,BTMOEMEP,3404,3102,0.36007810823866304,4
EVBVXETX,BUZIIBYG,3404,9403,0.26195729053373995,12
EVBVXETX,FTSVTTSR,3404,2529,0.3142137919988688,10
EVBVXETX,GKQIJYDH,3404,8501,0.30131693033427265,10
EVBVXETX,JBVHSUWY,3404,1210,0.3656107868441416,6
EVBVXETX,JPBRUTWP,3404,3904,0.2890448831779957,8
EVBVXETX,KEUWZRKO,3404,8102,0.3843014144095669,9
EVBVXETX,LUENUFGA,3404,2833,0.2565778532492684,12
EVBVXETX,ROACSLMG,3404,8505,0.34691235486910443,12
EVBVXETX,TGOELCAG,3404,7207,0.2713756639264049,8
EVBVXETX,UQYUIVVR,3404,8501,0.26594905141443625,9
EVBVXETX,WHPUAOID,3404,5512,0.3253889136885415,9
EVBVXETX,WQMVCOEM,3404,2805,0.28796812754236445,8
EVBVXETX,XIPPENFQ,3404,2501,0.2695046389498441,8
FCYBOAXC,BSRMSVTC,3824,2805,0.40841849118959295,8
FCYBOAXC,DJBLNPNC,3824,2805,0.2654215538031801,7
FCYBOAXC,EVBVXETX,3824,3404,0.2534372430035414,11
FCYBOAXC,GYHKIVQT,3824,8505,0.2604080574267913,8
FCYBOAXC,KJNSOAHR,3824,8479,0.28880112065156416,12
FCYBOAXC,LPHPPJUG,3824,3824,0.3889123519985245,8
FCYBOAXC,LTOYKIML,3824,3909,0.3900410956885172,12
FCYBOAXC,LUENUFGA,3824,2833,0.3785265932397832,10
FCYBOAXC,MBSBZBXA,3824,2846,0.2981904607061452,8
FCYBOAXC,QSDCUCLB,3824,2710,0.2746545286528046,12
FCYBOAXC,RAWUKQMJ,3824,2916,0.35757138844122593,10
FCYBOAXC,RCBZUSIM,3824,2805,0.3043344471757923,10
FCYBOAXC,ROACSLMG,3824,8505,0.2681787920382037,5
FCYBOAXC,VUAFAIYJ,3824,6101,0.35366225840242604,3
FCYBOAXC,VWMBASNE,3824,2811,0.3036072269843104,4
FCYBOAXC,XIPPENFQ,3824,2501,0.26959344036029265,12
FDXPMYGF,AANGBULD,7907,4810,0.2730868254983516,6
FDXPMYGF,DNMPSKTB,7907,2811,0.2679911616292152,5
FDXPMYGF,ELQGMQWE,7907,2002,0.25248611535748067,7
FDXPMYGF,GKQIJYDH,7907,8501,0.27804288440044056,9
FDXPMYGF,QRKRBYJL,7907,2841,0.3152696745435346,1
FDXPMYGF,XIIEJNEE,7907,3815,0.25058268055408384,9
FITUEHWN,AHMDUILJ,8714,2102,0.3379211397136994,5
FITUEHWN,BTMOEMEP,8714,3102,0.2994688195167723,10
FITUEHWN,DJBLNPNC,8714,2805,0.30358335894672495,10
FITUEHWN,GKQIJYDH,8714,8501,0.27936085206811745,12
FITUEHWN,JERHKLYW,8714,4601,0.30119715140233216,8
FITUEHWN,JSLXRQOK,8714,5119,0.32922719321430405,7
FITUEHWN,MIRCVAMV,8714,4408,0.3395666819872809,4
FITUEHWN,OXKURKXR,8714,5402,0.30077353532761864,5
FITUEHWN,PYZMVUWD,8714,3824,0.2602268369308067,10
FITUEHWN,QVLMOEYE,8714,4202,0.27983965074195805,9
FITUEHWN,XIPPENFQ,8714,2501,0.31491956058168435,6
FITUEHWN,ZCELVYQU,8714,8461,0.2751802627029134,4
FQCLOEXA,BUZIIBYG,8102,9403,0.2732647978051388,12
FQCLOEXA,ELQGMQWE,8102,2002,0.26389129015113744,11
FQCLOEXA,JSLXRQOK,8102,5119,0.3483566826603819,10
FQCLOEXA,QJQJSWFU,8102,3307,0.31385212975817467,7
FQCLOEXA,QRKRBYJL,8102,2841,0.31702444133801344,12
FQCLOEXA,SDWAYPIK,8102,7207,0.354431868979197,6
FQCLOEXA,STZDBITS,8102,3815,0.2646557943426888,12
FQCLOEXA,TGOELCAG,8102,7207,0.29815045963116393,1
FQCLOEXA,ZGJXVMNI,8102,3006,0.3072282862657767,5
FRHNWLNI,ATLDMDBO,2846,2814,0.33629081723520926,3
FRHNWLNI,DDEXPPXU,2846,2807,0.27624086036499484,11
FRHNWLNI,JPBRUTWP,2846,3904,0.3297202093253988,2
FRHNWLNI,RCBZUSIM,2846,2805,0.30826034955308623,7
FRHNWLNI,RJGPVEXX,2846,2811,0.455852703491777,7
FRHNWLNI,SDWAYPIK,2846,7207,0.27919418384061645,6
FRHNWLNI,XUOIQPFL,2846,5205,0.3887072813547028,12
FTSVTTSR,AANGBULD,2529,4810,0.28999799332948895,1
FTSVTTSR,BJALXPFS,2529,2847,0.2696193753155769,9
FTSVTTSR,BSRMSVTC,2529,2805,0.26102990709626295,4
FTSVTTSR,EVBVXETX,2529,3404,0.26455512633421585,9
FTSVTTSR,JSLXRQOK,2529,5119,0.336724150725767,8
FTSVTTSR,LUENUFGA,2529,2833,0.2511564424069468,12
FTSVTTSR,NZKBIBNU,2529,5609,0.4046252423309269,3
FTSVTTSR,OKMBFVKS,2529,5705,0.2750539874813609,6
FTSVTTSR,RCBZUSIM,2529,2805,0.25697135361905543,10
FTSVTTSR,SAAYMURU,2529,3215,0.25746592789064615,6
FTSVTTSR,SAHWCZNH,2529,2825,0.2783897825642163,4
FTSVTTSR,UQYUIVVR,2529,8501,0.2591562628898776,12
FTSVTTSR,UXSPKBJR,2529,3206,0.25760906934588945,2
FTSVTTSR,XMKRPGLB,2529,2529,0.28807404328484476,5
FWUCPMMW,AXULOHBQ,2701,5515,0.26208590930615694,1
FWUCPMMW,DBWLZWNK,2701,5602,0.29888576030753455,3
FWUCPMMW,DUCMGGNW,2701,3806,0.337821507051677,10
FWUCPMMW,FRHNWLNI,2701,2846,0.26413268528504696,7
FWUCPMMW,JBVHSUWY,2701,1210,0.3510333919627304,10
FWUCPMMW,MIRCVAMV,2701,4408,0.3341846801847921,9
FWUCPMMW,NAQIHUKZ,2701,3813,0.28685242698970104,6
FWUCPMMW,OJIFIHMZ,2701,3815,0.3487065199626107,11
FWUCPMMW,SNHYOVBM,2701,3824,0.276133918228624,5
FWUCPMMW,UGEQLMXM,2701,8714,0.39533793625372793,6
FWUCPMMW,VMAQSTJE,2701,8527,0.3275793472655071,3
FWUCPMMW,WBLJNPZQ,2701,5309,0.3383681634478717,7
FWUCPMMW,XIIEJNEE,2701,3815,0.347278372704781,9
GKQIJYDH,AXULOHBQ,8501,5515,0.28259620792577156,1
GKQIJYDH,FRHNWLNI,8501,2846,0.26677955735061465,4
GKQIJYDH,HXYSSRXE,8501,2836,0.38853374969483845,1
GKQIJYDH,JPBRUTWP,8501,3904,0.42217555295486386,4
GKQIJYDH,NZKBIBNU,8501,5609,0.28270566848259415,9
GKQIJYDH,OGAFEHLU,8501,7202,0.3866522468283047,3
GKQIJYDH,ROACSLMG,8501,8505,0.2837938413697598,11
GKQIJYDH,XIIEJNEE,8501,3815,0.46130596556412007,3
GKQIJYDH,XMKRPGLB,8501,2529,0.424653833233648,12
GYHKIVQT,AHMDUILJ,8505,2102,0.3755051907038669,9
GYHKIVQT,BUZIIBYG,8505,9403,0.27786254998525806,5
GYHKIVQT,DJBLNPNC,8505,2805,0.3336745906914427,12
GYHKIVQT,EVBVXETX,8505,3404,0.25270695397664245,6
GYHKIVQT,FQCLOEXA,8505,8102,0.44918535423609485,8
GYHKIVQT,LPHPPJUG,8505,3824,0.27464858567037176,6
GYHKIVQT,OGAFEHLU,8505,7202,0.5015831595394347,4
GYHKIVQT,PYZMVUWD,8505,3824,0.4423095716600658,8
GYHKIVQT,SUOYXCHP,8505,2805,0.26331401991704606,4
GYHKIVQT,UGEQLMXM,8505,8714,0.2593591934384234,5
GYHKIVQT,VBYCLTYZ,8505,8505,0.4303778273775536,9
GYHKIVQT,VUAFAIYJ,8505,6101,0.25386110680803053,4
GYHKIVQT,WBLJNPZQ,8505,5309,0.2731289155084129,1
GYHKIVQT,ZCELVYQU,8505,8461,0.3037872575288647,10
HCDTGMST,BLANHGYY,6006,9022,0.3292153497426318,9
HCDTGMST,FQCLOEXA,6006,8102,0.2512038610666427,6
HCDTGMST,GKQIJYDH,6006,8501,0.2659145820242328,4
HCDTGMST,LUENUFGA,6006,2833,0.290728982613945,7
HCDTGMST,MBSBZBXA,6006,2846,0.3136878496394975,5
HCDTGMST,OXKURKXR,6006,5402,0.27712975329347733,10
HXYSSRXE,BLANHGYY,2836,9022,0.5150174595826229,5
HXYSSRXE,DJBLNPNC,2836,2805,0.261788165915378,6
HXYSSRXE,ELQGMQWE,2836,2002,0.30461800662301286,12
HXYSSRXE,GYHKIVQT,2836,8505,0.3152418659356533,9
HXYSSRXE,JERHKLYW,2836,4601,0.31310751342683796,10
IGDVVKUD,CCLHWFWF,3824,6211,0.3629681203288093,9
IGDVVKUD,KAGJCHMR,3824,8467,0.269237002558933,8
IGDVVKUD,MIRCVAMV,3824,4408,0.2942041825805173,11
IGDVVKUD,NZKBIBNU,3824,5609,0.28054649883701477,7
IGDVVKUD,OGAFEHLU,3824,7202,0.2599505166530274,11
IGDVVKUD,PYZMVUWD,3824,3824,0.30909056031406923,12
IGDVVKUD,SAHWCZNH,3824,2825,0.38612732924811377,2
IGDVVKUD,STZDBITS,3824,3815,0.28500955184009036,5
IGDVVKUD,UXSPKBJR,3824,3206,0.25465309245221657,12
IGDVVKUD,VBYCLTYZ,3824,8505,0.26254683292227154,10
IGDVVKUD,XIIEJNEE,3824,3815,0.2524008751358042,11
IGDVVKUD,XMKRPGLB,3824,2529,0.2563044051618202,8
JBVHSUWY,APQGTRMF,1210,8105,0.2922610390061675,1
JBVHSUWY,AXULOHBQ,1210,5515,0.26312136062770053,5
JBVHSUWY,BUZIIBYG,1210,9403,0.36234680890593696,8
JBVHSUWY,DBWLZWNK,1210,5602,0.26320520541815373,10
JBVHSUWY,ELQGMQWE,1210,2002,0.4157642216487032,9
JBVHSUWY,FRHNWLNI,1210,2846,0.30533734368082266,9
JBVHSUWY,GYHKIVQT,1210,8505,0.25890967382383856,9
JBVHSUWY,KJNSOAHR,1210,8479,0.3172100436971541,7
JBVHSUWY,LPHPPJUG,1210,3824,0.25937415136191566,7
JBVHSUWY,LUENUFGA,1210,2833,0.32876053783350034,10
JBVHSUWY,QVLMOEYE,1210,4202,0.27562731002059215,12
JBVHSUWY,UIFPPCLR,1210,8102,0.39919027867218704,11
JBVHSUWY,UXSPKBJR,1210,3206,0.2549378141037115,3
JBVHSUWY,VUAFAIYJ,1210,6101,0.255656912866443,5
JBVHSUWY,VWMBASNE,1210,2811,0.4188985584134124,8
JBVHSUWY,XMKRPGLB,1210,2529,0.3540894270008659,11
JERHKLYW,ATLDMDBO,4601,2814,0.3806206826016556,9
JERHKLYW,DJBLNPNC,4601,2805,0.2511283875024297,8
JERHKLYW,FWUCPMMW,4601,2701,0.2629387516334223,11
JERHKLYW,GYHKIVQT,4601,8505,0.32374643601365216,4
JERHKLYW,JSLXRQOK,4601,5119,0.2552663110156854,5
JERHKLYW,NZKBIBNU,4601,5609,0.3011276027406633,8
JERHKLYW,SAHWCZNH,4601,2825,0.3796326513774275,8
JERHKLYW,SDWAYPIK,4601,7207,0.2639648947142681,5
JERHKLYW,TGOELCAG,4601,7207,0.2545410233902432,6
JERHKLYW,WBLJNPZQ,4601,5309,0.2745245952967901,4
JERHKLYW,XIPPENFQ,4601,2501,0.3225527942350581,8
JERHKLYW,XUOIQPFL,4601,5205,0.2858125200317696,6
JPBRUTWP,BSRMSVTC,3904,2805,0.26090792809482055,9
JPBRUTWP,BTMOEMEP,3904,3102,0.26110654602368966,6
JPBRUTWP,EVBVXETX,3904,3404,0.27776203609215555,7
JPBRUTWP,JSLXRQOK,3904,5119,0.2678911431366964,10
JPBRUTWP,KEUWZRKO,3904,8102,0.2914792638739918,4
JPBRUTWP,LUENUFGA,3904,2833,0.25508236987717936,6
JPBRUTWP,OGAFEHLU,3904,7202,0.2543723549727983,12
JPBRUTWP,RCBZUSIM,3904,2805,0.3216007089820878,11
JPBRUTWP,ROACSLMG,3904,8505,0.4365398375233045,11
JPBRUTWP,VBYCLTYZ,3904,8505,0.3840806150166518,7
JPBRUTWP,WPQXWHYO,3904,2811,0.26312710512460713,12
JSLXRQOK,DJBLNPNC,5119,2805,0.2761169339232601,12
JSLXRQOK,ELQGMQWE,5119,2002,0.3707279664128631,1
JSLXRQOK,FCYBOAXC,5119,3824,0.45935283197889953,10
JSLXRQOK,OJIFIHMZ,5119,3815,0.2694471689139246,7
JSLXRQOK,QVLMOEYE,5119,4202,0.277021852471242,11
JSLXRQOK,RJGPVEXX,5119,2811,0.2941170646377973,12
JSLXRQOK,TGOELCAG,5119,7207,0.3532319548791616,5
JSLXRQOK,VBYCLTYZ,5119,8505,0.2592006505990474,1
JSLXRQOK,XIIEJNEE,5119,3815,0.2528025401189531,3
JSLXRQOK,XIPPENFQ,5119,2501,0.34078178928561353,2
KAGJCHMR,BSRMSVTC,8467,2805,0.44131835267806974,11
KAGJCHMR,EVBVXETX,8467,3404,0.2936698989816193,3
KAGJCHMR,FTSVTTSR,8467,2529,0.2504220653392464,6
KAGJCHMR,JBVHSUWY,8467,1210,0.31362309168871416,5
KAGJCHMR,JPBRUTWP,8467,3904,0.27168361381247585,3
KAGJCHMR,KEUWZRKO,8467,8102,0.4309857372394652,12
KAGJCHMR,MBSBZBXA,8467,2846,0.37820778957048007,8
KAGJCHMR,NZKBIBNU,8467,5609,0.29856207576568217,9
KAGJCHMR,OGAFEHLU,8467,7202,0.31916401928097127,2
KAGJCHMR,QRKRBYJL,8467,2841,0.33141274764018,11
KAGJCHMR,ROACSLMG,8467,8505,0.28908260859946044,12
KAGJCHMR,SAHWCZNH,8467,2825,0.31006039984408673,5
KAGJCHMR,TGOELCAG,8467,7207,0.3115269689252238,10
KAGJCHMR,XMKRPGLB,8467,2529,0.2918862911884217,11
KAGJCHMR,ZKENOUDA,8467,2805,0.27820707891272756,10
KEUWZRKO,DDEXPPXU,8102,2807,0.41744201788441715,12
KEUWZRKO,FQCLOEXA,8102,8102,0.37311255683606515,12
KEUWZRKO,FWUCPMMW,8102,2701,0.3543790873372945,1
KEUWZRKO,JPBRUTWP,8102,3904,0.2559906176005118,3
KEUWZRKO,KAGJCHMR,8102,8467,0.3048255390377448,5
KEUWZRKO,NZKBIBNU,8102,5609,0.255388894337246,7
KEUWZRKO,SAAYMURU,8102,3215,0.3516311965235488,9
KEUWZRKO,XIPPENFQ,8102,2501,0.3072640924646439,8
KEUWZRKO,XMKRPGLB,8102,2529,0.2875628725486159,12
KFQSHBNH,GMBFCMIU,8501,3003,0.2964312568202523,1
KFQSHBNH,RJCAXSGH,8501,8501,0.3333735822999855,1
KJNSOAHR,BSRMSVTC,8479,2805,0.2645318014549858,10
KJNSOAHR,LRVGFDFM,8479,3102,0.2942739194057915,4
KJNSOAHR,LTOYKIML,8479,3909,0.26495474146962916,1
KJNSOAHR,NZKBIBNU,8479,5609,0.27719854361777285,7
KJNSOAHR,OKMBFVKS,8479,5705,0.3084702091644034,4
KJNSOAHR,RAWUKQMJ,8479,2916,0.3157565058040501,8
KJNSOAHR,SAAYMURU,8479,3215,0.25777459590500085,11
KJNSOAHR,XMKRPGLB,8479,2529,0.2540154191574362,8
LLHREMKS,BLANHGYY,2807,9022,0.30763056047099013,9
LLHREMKS,KAGJCHMR,2807,8467,0.29638944174074533,10
LLHREMKS,LUENUFGA,2807,2833,0.4407990062792455,12
LLHREMKS,QKXNTIIB,2807,8501,0.2585190367569261,3
LLHREMKS,RCBZUSIM,2807,2805,0.26214039020432356,1
LLHREMKS,ROACSLMG,2807,8505,0.2698776098387725,10
LLHREMKS,WQMVCOEM,2807,2805,0.3138190447605944,12
LPHPPJUG,BEZYMBBT,3824,3207,0.38752227078912305,12
LPHPPJUG,BTMOEMEP,3824,3102,0.2543894331784915,2
LPHPPJUG,CCLHWFWF,3824,6211,0.2675640637914425,12
LPHPPJUG,DBWLZWNK,3824,5602,0.2605015419171339,1
LPHPPJUG,GKQIJYDH,3824,8501,0.2692797941721796,11
LPHPPJUG,HCDTGMST,3824,6006,0.29515583303713777,9
LPHPPJUG,IGDVVKUD,3824,3824,0.34829980294049356,12
LPHPPJUG,PYZMVUWD,3824,3824,0.3798129844780016,2
LPHPPJUG,QJQJSWFU,3824,3307,0.2973378373852409,4
LPHPPJUG,SUOYXCHP,3824,2805,0.28680714774910276,9
LPHPPJUG,TGOELCAG,3824,7207,0.31414790006181104,12
LPHPPJUG,WPQXWHYO,3824,2811,0.3197491960282677,11
LPHPPJUG,XIPPENFQ,3824,2501,0.3415181669462557,1
LPHPPJUG,XUOIQPFL,3824,5205,0.27753732786850716,2
LPHPPJUG,ZKENOUDA,3824,2805,0.2890481115503536,2
LRVGFDFM,DUCMGGNW,3102,3806,0.3470804912598613,6
LRVGFDFM,HCDTGMST,3102,6006,0.26210156027081943,5
LRVGFDFM,NZKBIBNU,3102,5609,0.2519626853382819,11
LRVGFDFM,OKMBFVKS,3102,5705,0.3536027171275018,1
LRVGFDFM,ROACSLMG,3102,8505,0.3717901413910547,9
LRVGFDFM,VBYCLTYZ,3102,8505,0.26662382316854494,9
LSOIUSXD,ATLDMDBO,5111,2814,0.2625145643978044,1
LSOIUSXD,BLANHGYY,5111,9022,0.3001293510663672,11
LSOIUSXD,BSRMSVTC,5111,2805,0.3401571754113335,2
LSOIUSXD,DEWLVASR,5111,3038,0.2846425553571117,11
LSOIUSXD,KJNSOAHR,5111,8479,0.4024376260375646,12
LSOIUSXD,MIRCVAMV,5111,4408,0.3283896490262892,5
LSOIUSXD,NZKBIBNU,5111,5609,0.2704717109230734,6
LSOIUSXD,ROACSLMG,5111,8505,0.27017882117290926,4
LSOIUSXD,UXSPKBJR,5111,3206,0.27213958255498705,9
LSOIUSXD,VUAFAIYJ,5111,6101,0.2620622446639391,9
LSOIUSXD,WHPUAOID,5111,5512,0.307419551331642,5
LSOIUSXD,YSYHGLQK,5111,2807,0.25503657012717174,3
LSOIUSXD,ZKENOUDA,5111,2805,0.2521016067650126,12
LTOYKIML,AXULOHBQ,3909,5515,0.25067160688959733,3
LTOYKIML,MBSBZBXA,3909,2846,0.4860706537280919,6
LTOYKIML,NZKBIBNU,3909,5609,0.39218824458624435,6
LTOYKIML,STZDBITS,3909,3815,0.2907557591812182,4
LTOYKIML,UXSPKBJR,3909,3206,0.32517196284852323,7
LTOYKIML,VWMBASNE,3909,2811,0.2576053525743469,4
LTOYKIML,WHPUAOID,3909,5512,0.29265014822953406,2
LUENUFGA,APQGTRMF,2833,8105,0.28716340532170603,6
LUENUFGA,AXULOHBQ,2833,5515,0.28468181193836184,2
LUENUFGA,DEWLVASR,2833,3038,0.26913193162479,12
LUENUFGA,GYHKIVQT,2833,8505,0.3150710562275263,11
LUENUFGA,HXYSSRXE,2833,2836,0.2923535642233581,12
LUENUFGA,JPBRUTWP,2833,3904,0.28407691486621767,1
LUENUFGA,KJNSOAHR,2833,8479,0.45003207460742,7
LUENUFGA,LLHREMKS,2833,2807,0.31243100443718186,5
LUENUFGA,LPHPPJUG,2833,3824,0.31631004726311174,7
LUENUFGA,LSOIUSXD,2833,5111,0.32995381397165335,7
LUENUFGA,MBSBZBXA,2833,2846,0.3433266592422246,8
LUENUFGA,OKMBFVKS,2833,5705,0.39866551624228785,1
LUENUFGA,QVLMOEYE,2833,4202,0.38630317144010684,3
MBSBZBXA,AHMDUILJ,2846,2102,0.30971168145377703,7
MBSBZBXA,BSRMSVTC,2846,2805,0.37173774831888284,1
MBSBZBXA,BUZIIBYG,2846,9403,0.30312634544791983,2
MBSBZBXA,DDEXPPXU,2846,2807,0.28168605453074047,7
MBSBZBXA,FCYBOAXC,2846,3824,0.2596461553584861,4
MBSBZBXA,JPBRUTWP,2846,3904,0.29932489454664557,7
MBSBZBXA,KEUWZRKO,2846,8102,0.3075868406420561,3
MBSBZBXA,OJIFIHMZ,2846,3815,0.40100954514963716,11
MBSBZBXA,QKXNTIIB,2846,8501,0.319333188615595,11
MBSBZBXA,SAAYMURU,2846,3215,0.2756742308189226,10
MBSBZBXA,TGOELCAG,2846,7207,0.27392554555545123,8
MIRCVAMV,ATLDMDBO,4408,2814,0.30481542716355414,8
MIRCVAMV,BEZYMBBT,4408,3207,0.25082803909489093,12
MIRCVAMV,BTMOEMEP,4408,3102,0.32430661461294097,12
MIRCVAMV,FWUCPMMW,4408,2701,0.2509071261127698,6
MIRCVAMV,LRVGFDFM,4408,3102,0.2920782450529624,1
MIRCVAMV,MBSBZBXA,4408,2846,0.25599747836337605,11
MIRCVAMV,OGAFEHLU,4408,7202,0.25803292955850865,7
MIRCVAMV,QJQJSWFU,4408,3307,0.26933661685784194,3
MIRCVAMV,SNHYOVBM,4408,3824,0.2664667111604384,11
MIRCVAMV,SUOYXCHP,4408,2805,0.2580679739477356,3
MIRCVAMV,TGOELCAG,4408,7207,0.2775234834567444,12
MIRCVAMV,UGEQLMXM,4408,8714,0.3130555869455043,12
MIRCVAMV,YSYHGLQK,4408,2807,0.3059303317298867,10
NAQIHUKZ,BSRMSVTC,3813,2805,0.2799352822397605,11
NAQIHUKZ,DJBLNPNC,3813,2805,0.3438984873026598,5
NAQIHUKZ,FITUEHWN,3813,8714,0.28174856494402434,5
NAQIHUKZ,LLHREMKS,3813,2807,0.2692208115598147,4
NAQIHUKZ,NZKBIBNU,3813,5609,0.3619116086135845,2
NAQIHUKZ,OJIFIHMZ,3813,3815,0.2775846179195063,4
NAQIHUKZ,OKMBFVKS,3813,5705,0.35029205236495553,5
NAQIHUKZ,SUOYXCHP,3813,2805,0.2628634905900493,3
NAQIHUKZ,UQYUIVVR,3813,8501,0.31573346092160626,12
NAQIHUKZ,WHPUAOID,3813,5512,0.291910311712146,3
NAQIHUKZ,XIPPENFQ,3813,2501,0.2566607146842643,8
NAQIHUKZ,XUOIQPFL,3813,5205,0.29603950076954977,2
NAQIHUKZ,ZGJXVMNI,3813,3006,0.40286893459550965,2
NZKBIBNU,AANGBULD,5609,4810,0.2526512240468932,8
NZKBIBNU,ATLDMDBO,5609,2814,0.25985365706148533,7
NZKBIBNU,BTMOEMEP,5609,3102,0.2649106837938944,9
NZKBIBNU,DEWLVASR,5609,3038,0.25585746004485976,12
NZKBIBNU,EVBVXETX,5609,3404,0.29727677267832053,7
NZKBIBNU,FCYBOAXC,5609,3824,0.43315375932416345,4
NZKBIBNU,FQCLOEXA,5609,8102,0.26197158571342394,10
NZKBIBNU,HXYSSRXE,5609,2836,0.32733257649050085,7
NZKBIBNU,MBSBZBXA,5609,2846,0.3306728441824367,8
NZKBIBNU,OJIFIHMZ,5609,3815,0.2734207300718179,10
NZKBIBNU,PYZMVUWD,5609,3824,0.34122344434323715,12
NZKBIBNU,QJQJSWFU,5609,3307,0.29288088244296917,7
NZKBIBNU,WBLJNPZQ,5609,5309,0.2602489499742391,7
NZKBIBNU,XIFHSOWQ,5609,8708,0.25992072986563475,8
NZKBIBNU,ZXERAXWP,5609,4802,0.2819370719534193,12
OGAFEHLU,HXYSSRXE,7202,2836,0.26797235176800616,2
OGAFEHLU,LPHPPJUG,7202,3824,0.2516408939673431,12
OGAFEHLU,LTOYKIML,7202,3909,0.3125604900690053,3
OGAFEHLU,MBSBZBXA,7202,2846,0.3511970163133986,5
OGAFEHLU,NAQIHUKZ,7202,3813,0.3478270865157653,12
OGAFEHLU,QRKRBYJL,7202,2841,0.2870868010033605,8
OGAFEHLU,UQYUIVVR,7202,8501,0.3116056215680283,2
OJIFIHMZ,DJBLNPNC,3815,2805,0.29149607467747174,5
OJIFIHMZ,ELQGMQWE,3815,2002,0.26272808160027905,10
OJIFIHMZ,HXYSSRXE,3815,2836,0.3007144680993412,11
OJIFIHMZ,LRVGFDFM,3815,3102,0.3550368196163012,6
OJIFIHMZ,SAAYMURU,3815,3215,0.3067783816087013,12
OJIFIHMZ,UIFPPCLR,3815,8102,0.264986662885363,12
OJIFIHMZ,UXSPKBJR,3815,3206,0.3522725979656325,11
OJIFIHMZ,VMAQSTJE,3815,8527,0.25077625054178965,11
OJIFIHMZ,VUAFAIYJ,3815,6101,0.3540545019281769,12
OJIFIHMZ,VWMBASNE,3815,2811,0.28389865148729987,1
OKMBFVKS,AHMDUILJ,5705,2102,0.25676017589347033,7
OKMBFVKS,DDEXPPXU,5705,2807,0.32607292958098943,4
OKMBFVKS,DJBLNPNC,5705,2805,0.3449765167357035,11
OKMBFVKS,FITUEHWN,5705,8714,0.31191979626461386,10
OKMBFVKS,JPBRUTWP,5705,3904,0.31855903549401976,6
OKMBFVKS,KJNSOAHR,5705,8479,0.40519783863664527,6
OKMBFVKS,NZKBIBNU,5705,5609,0.2646179407545248,4
OKMBFVKS,QVLMOEYE,5705,4202,0.30630828318688197,4
OKMBFVKS,SAAYMURU,5705,3215,0.2749352869927111,9
OKMBFVKS,UIFPPCLR,5705,8102,0.3205608254157495,1
OKMBFVKS,WBLJNPZQ,5705,5309,0.2924297185771474,7
OKMBFVKS,XIIEJNEE,5705,3815,0.25596009920947305,5
OKMBFVKS,ZCELVYQU,5705,8461,0.3076639552368423,10
OKMBFVKS,ZXERAXWP,5705,4802,0.25208867057002937,9
OXKURKXR,JSLXRQOK,5402,5119,0.261048597577632,3
OXKURKXR,KJNSOAHR,5402,8479,0.25619977524425486,12
OXKURKXR,QJQJSWFU,5402,3307,0.25153441462931525,5
OXKURKXR,QKXNTIIB,5402,8501,0.35829104450049787,1
OXKURKXR,SDWAYPIK,5402,7207,0.2681118385203827,1
OXKURKXR,STZDBITS,5402,3815,0.27319628922096095,5
OXKURKXR,UQYUIVVR,5402,8501,0.2748625731743779,8
OXKURKXR,WBLJNPZQ,5402,5309,0.26957478460899664,11
PYZMVUWD,BUZIIBYG,3824,9403,0.27179625093765347,2
PYZMVUWD,DBWLZWNK,3824,5602,0.27302300357205045,8
PYZMVUWD,DNMPSKTB,3824,2811,0.34808178037665805,8
PYZMVUWD,FQCLOEXA,3824,8102,0.3519880888520146,10
PYZMVUWD,GKQIJYDH,3824,8501,0.2598346589707561,11
PYZMVUWD,JSLXRQOK,3824,5119,0.3430394394621885,6
PYZMVUWD,KJNSOAHR,3824,8479,0.38596121690288543,4
PYZMVUWD,LRVGFDFM,3824,3102,0.30452803435101483,3
PYZMVUWD,QVLMOEYE,3824,4202,0.27140420425397327,11
PYZMVUWD,VUAFAIYJ,3824,6101,0.29204356796514963,1
PYZMVUWD,WHPUAOID,3824,5512,0.27921419991620944,10
PYZMVUWD,WPQXWHYO,3824,2811,0.4175935366111103,10
PYZMVUWD,XIIEJNEE,3824,3815,0.2540258699591309,12
QJQJSWFU,ATLDMDBO,3307,2814,0.28304892922366465,2
QJQJSWFU,CCLHWFWF,3307,6211,0.2693335260776277,1
QJQJSWFU,DEWLVASR,3307,3038,0.3414845016330743,10
QJQJSWFU,ELQGMQWE,3307,2002,0.32091230938085324,5
QJQJSWFU,FCYBOAXC,3307,3824,0.3931830155689413,8
QJQJSWFU,GKQIJYDH,3307,8501,0.26185565263071764,4
QJQJSWFU,QRKRBYJL,3307,2841,0.34215544945508203,9
QJQJSWFU,QVLMOEYE,3307,4202,0.27387130453553876,7
QJQJSWFU,SDWAYPIK,3307,7207,0.27451497585196183,11
QJQJSWFU,SUOYXCHP,3307,2805,0.2523089106296035,5
QJQJSWFU,UGEQLMXM,3307,8714,0.25405833276305545,7
QJQJSWFU,UIFPPCLR,3307,8102,0.2656566608719406,1
QJQJSWFU,WPQXWHYO,3307,2811,0.27040915857737247,6
QKXNTIIB,BEZYMBBT,8501,3207,0.2659442962918477,6
QKXNTIIB,BLANHGYY,8501,9022,0.2582572137139634,12
QKXNTIIB,BSRMSVTC,8501,2805,0.3091868585689248,10
QKXNTIIB,DDEXPPXU,8501,2807,0.2950624785771221,9
QKXNTIIB,FITUEHWN,8501,8714,0.25512151200560984,3
QKXNTIIB,OGAFEHLU,8501,7202,0.2945813653510574,10
QKXNTIIB,OJIFIHMZ,8501,3815,0.25140594400516303,2
QKXNTIIB,QRKRBYJL,8501,2841,0.2697223679452576,11
QKXNTIIB,RJGPVEXX,8501,2811,0.2620834830289618,3
QKXNTIIB,ROACSLMG,8501,8505,0.2852144132765999,8
QKXNTIIB,WBLJNPZQ,8501,5309,0.37533574244119094,2
QKXNTIIB,WPQXWHYO,8501,2811,0.2746311543778943,12
QKXNTIIB,XIPPENFQ,8501,2501,0.25588505546182905,6
QRKRBYJL,BSRMSVTC,2841,2805,0.26942568367495223,3
QRKRBYJL,BTMOEMEP,2841,3102,0.26528547218325427,4
QRKRBYJL,BUZIIBYG,2841,9403,0.3029659175953707,1
QRKRBYJL,FCYBOAXC,2841,3824,0.287964273594179,11
QRKRBYJL,FITUEHWN,2841,8714,0.3681051411419558,2
QRKRBYJL,JPBRUTWP,2841,3904,0.29402650526762697,11
QRKRBYJL,JSLXRQOK,2841,5119,0.3279932675297479,8
QRKRBYJL,MIRCVAMV,2841,4408,0.3102740156858923,9
QRKRBYJL,NAQIHUKZ,2841,3813,0.26336333248824007,8
QRKRBYJL,SNHYOVBM,2841,3824,0.322348433295081,2
QRKRBYJL,SUOYXCHP,2841,2805,0.2969518502321935,6
QRKRBYJL,TGOELCAG,2841,7207,0.33381960892916585,3
QRKRBYJL,VMAQSTJE,2841,8527,0.32248748833358576,1
QRKRBYJL,WHPUAOID,2841,5512,0.27331897311331677,3
QRKRBYJL,XMKRPGLB,2841,2529,0.25275448241180065,10
QRKRBYJL,ZCELVYQU,2841,8461,0.39939693845639646,11
QSDCUCLB,DNMPSKTB,2710,2811,0.313135149542934,8
QSDCUCLB,LSOIUSXD,2710,5111,0.3180110515076451,9
QSDCUCLB,NAQIHUKZ,2710,3813,0.3126232195798371,4
QSDCUCLB,XMKRPGLB,2710,2529,0.25242709016826104,11
QVLMOEYE,AANGBULD,4202,4810,0.2504806449402639,9
QVLMOEYE,DEWLVASR,4202,3038,0.2530006142705927,9
QVLMOEYE,LRVGFDFM,4202,3102,0.3547407028513936,11
QVLMOEYE,OJIFIHMZ,4202,3815,0.2624976940436796,4
QVLMOEYE,SUOYXCHP,4202,2805,0.31991161497866605,10
QVLMOEYE,VMAQSTJE,4202,8527,0.25700145778142147,4
QVLMOEYE,ZGJXVMNI,4202,3006,0.26610406081388005,1
RAWUKQMJ,AANGBULD,2916,4810,0.2995080887705046,8
RAWUKQMJ,BUZIIBYG,2916,9403,0.3309241767482485,8
RAWUKQMJ,DJBLNPNC,2916,2805,0.3104996644313629,10
RAWUKQMJ,GKQIJYDH,2916,8501,0.29867526411552436,12
RAWUKQMJ,HCDTGMST,2916,6006,0.34048187657375584,5
RAWUKQMJ,JBVHSUWY,2916,1210,0.25391396395462884,5
RAWUKQMJ,RJGPVEXX,2916,2811,0.36468075902340225,9
RAWUKQMJ,SUOYXCHP,2916,2805,0.2586192696880256,6
RAWUKQMJ,TGOELCAG,2916,7207,0.2590083430875727,5
RAWUKQMJ,XIIEJNEE,2916,3815,0.3817915793808475,7
RAWUKQMJ,ZKENOUDA,2916,2805,0.25328506958666086,10
RCBZUSIM,DUCMGGNW,2805,3806,0.3044039741732214,9
RCBZUSIM,IGDVVKUD,2805,3824,0.29576694383692637,11
RCBZUSIM,LPHPPJUG,2805,3824,0.304306555890681,9
RCBZUSIM,LTOYKIML,2805,3909,0.28583638528250654,4
RCBZUSIM,MIRCVAMV,2805,4408,0.42682744542114026,9
RCBZUSIM,OXKURKXR,2805,5402,0.2659299236512531,4
RCBZUSIM,QRKRBYJL,2805,2841,0.2506105140721604,8
RCBZUSIM,QVLMOEYE,2805,4202,0.32793602709238234,9
RCBZUSIM,ROACSLMG,2805,8505,0.4010753422915778,9
RCBZUSIM,TGOELCAG,2805,7207,0.291962416823909,7
RCBZUSIM,UGEQLMXM,2805,8714,0.25509341472713,8
RCBZUSIM,VMAQSTJE,2805,8527,0.4212915892684632,12
RCBZUSIM,VWMBASNE,2805,2811,0.2999269775685489,8
RCBZUSIM,XIFHSOWQ,2805,8708,0.31533890780842677,3
RCBZUSIM,XMKRPGLB,2805,2529,0.30348980904203904,6
RCBZUSIM,YSYHGLQK,2805,2807,0.3049005438961716,6
RJCAXSGH,GMBFCMIU,8501,3003,0.30456133812106545,1
RJCAXSGH,KFQSHBNH,8501,8501,0.3475491086706337,1
RJCAXSGH,TANNMIMB,8501,4302,0.2528067854174474,1
RJGPVEXX,AANGBULD,2811,4810,0.301530265593037,9
RJGPVEXX,AHMDUILJ,2811,2102,0.26464569164681384,11
RJGPVEXX,CCLHWFWF,2811,6211,0.3642725675542988,3
RJGPVEXX,DEWLVASR,2811,3038,0.3501989176726159,10
RJGPVEXX,DUCMGGNW,2811,3806,0.27355063092862997,11
RJGPVEXX,HXYSSRXE,2811,2836,0.3039171769239082,6
RJGPVEXX,KEUWZRKO,2811,8102,0.40662375532978623,9
RJGPVEXX,LPHPPJUG,2811,3824,0.28836564362201766,9
RJGPVEXX,QJQJSWFU,2811,3307,0.2898061983222302,10
RJGPVEXX,QSDCUCLB,2811,2710,0.35100271046163734,11
RJGPVEXX,STZDBITS,2811,3815,0.3014930789211472,11
RJGPVEXX,UGEQLMXM,2811,8714,0.2660643065312973,3
RJGPVEXX,UXSPKBJR,2811,3206,0.26951758047802166,8
RJGPVEXX,VBYCLTYZ,2811,8505,0.3362225302015811,11
ROACSLMG,BSRMSVTC,8505,2805,0.3169874577408267,3
ROACSLMG,DJBLNPNC,8505,2805,0.2974337806623546,10
ROACSLMG,ELQGMQWE,8505,2002,0.32608213684898946,12
ROACSLMG,GYHKIVQT,8505,8505,0.37617089756081445,12
ROACSLMG,LPHPPJUG,8505,3824,0.2561790427996704,11
ROACSLMG,OXKURKXR,8505,5402,0.27129551805794305,8
ROACSLMG,SAHWCZNH,8505,2825,0.25336554506706,4
ROACSLMG,SNHYOVBM,8505,3824,0.2729412647478866,5
ROACSLMG,UXSPKBJR,8505,3206,0.3638765671171793,8
ROACSLMG,XIFHSOWQ,8505,8708,0.2732404472579484,11
ROACSLMG,XMKRPGLB,8505,2529,0.5577524569228842,10
RUVXNNVA,GMBFCMIU,2612,3003,0.2877560000241415,1
SAAYMURU,AHMDUILJ,3215,2102,0.32385091197560545,6
SAAYMURU,APQGTRMF,3215,8105,0.253857646043552,4
SAAYMURU,GYHKIVQT,3215,8505,0.28144165419451017,9
SAAYMURU,JERHKLYW,3215,4601,0.27150349307526067,2
SAAYMURU,JSLXRQOK,3215,5119,0.2599935735614842,3
SAAYMURU,KAGJCHMR,3215,8467,0.33032198634518384,4
SAAYMURU,KJNSOAHR,3215,8479,0.28823053705266677,5
SAAYMURU,OGAFEHLU,3215,7202,0.2638104665974428,12
SAAYMURU,SDWAYPIK,3215,7207,0.2683350164037508,11
SAAYMURU,UXSPKBJR,3215,3206,0.28763772230522866,1
SAAYMURU,XUOIQPFL,3215,5205,0.29980371137078876,2
SAHWCZNH,AANGBULD,2825,4810,0.2606157429199243,3
SAHWCZNH,BTMOEMEP,2825,3102,0.324051259643225,1
SAHWCZNH,DJBLNPNC,2825,2805,0.28936142060582526,3
SAHWCZNH,JPBRUTWP,2825,3904,0.27623955278634926,8
SAHWCZNH,KJNSOAHR,2825,8479,0.2503291643712344,5
SAHWCZNH,QJQJSWFU,2825,3307,0.4026297290501235,12
SAHWCZNH,RCBZUSIM,2825,2805,0.37927353155348276,7
SAHWCZNH,VBYCLTYZ,2825,8505,0.38136841262758936,7
SAHWCZNH,VWMBASNE,2825,2811,0.26800083463369573,7
SAHWCZNH,XIPPENFQ,2825,2501,0.3650538376545469,11
SAHWCZNH,XMKRPGLB,2825,2529,0.41901076349951705,6
SDWAYPIK,BJALXPFS,7207,2847,0.265540031424748,9
SDWAYPIK,CCLHWFWF,7207,6211,0.3345630200166836,8
SDWAYPIK,OJIFIHMZ,7207,3815,0.2503840601863474,9
SDWAYPIK,QRKRBYJL,7207,2841,0.2858758918094022,11
SDWAYPIK,WHPUAOID,7207,5512,0.2572953925680084,4
SDWAYPIK,YSYHGLQK,7207,2807,0.31843525886564494,10
SNHYOVBM,DDEXPPXU,3824,2807,0.2852542543998404,9
SNHYOVBM,HCDTGMST,3824,6006,0.28015035354030404,1
SNHYOVBM,LSOIUSXD,3824,5111,0.25113645161790243,9
SNHYOVBM,MIRCVAMV,3824,4408,0.3488010215116528,12
SNHYOVBM,NAQIHUKZ,3824,3813,0.29591756180500806,12
SNHYOVBM,RAWUKQMJ,3824,2916,0.2855838780870741,10
SNHYOVBM,SDWAYPIK,3824,7207,0.3239256389058778,12
SNHYOVBM,WPQXWHYO,3824,2811,0.42055362408066,1
SNHYOVBM,YSYHGLQK,3824,2807,0.33717134896735024,10
STZDBITS,DBWLZWNK,3815,5602,0.30003448951968625,2
STZDBITS,FDXPMYGF,3815,7907,0.26048700068143305,7
STZDBITS,GKQIJYDH,3815,8501,0.30562241620959574,4
STZDBITS,JSLXRQOK,3815,5119,0.2512985987994658,12
STZDBITS,SAAYMURU,3815,3215,0.30868873529666185,11
STZDBITS,SNHYOVBM,3815,3824,0.27617296572399086,4
STZDBITS,UGEQLMXM,3815,8714,0.27255117732818146,6
STZDBITS,XUOIQPFL,3815,5205,0.34450239490640655,10
STZDBITS,YSYHGLQK,3815,2807,0.26452829730721295,11
STZDBITS,ZXERAXWP,3815,4802,0.29621591458262797,6
SUOYXCHP,FCYBOAXC,2805,3824,0.2630139742554314,9
SUOYXCHP,FQCLOEXA,2805,8102,0.272157764045728,2
SUOYXCHP,HCDTGMST,2805,6006,0.28087462905472327,11
SUOYXCHP,HXYSSRXE,2805,2836,0.27182236705797536,8
SUOYXCHP,KAGJCHMR,2805,8467,0.2666889811537514,12
SUOYXCHP,QRKRBYJL,2805,2841,0.2598830180415588,3
SUOYXCHP,VMAQSTJE,2805,8527,0.2555729980540109,12
SUOYXCHP,VWMBASNE,2805,2811,0.2903359984557916,12
SUOYXCHP,WPQXWHYO,2805,2811,0.31639833637632786,9
SUOYXCHP,YSYHGLQK,2805,2807,0.383121448106154,10
SUOYXCHP,ZGJXVMNI,2805,3006,0.26322415084799733,9
SUOYXCHP,ZXERAXWP,2805,4802,0.2728031756344693,11
TGOELCAG,BEZYMBBT,7207,3207,0.31708528892936516,11
TGOELCAG,FRHNWLNI,7207,2846,0.2578052080647999,10
TGOELCAG,GKQIJYDH,7207,8501,0.35136006988587054,7
TGOELCAG,IGDVVKUD,7207,3824,0.3082952225901616,5
TGOELCAG,LUENUFGA,7207,2833,0.33478992514061057,3
TGOELCAG,OKMBFVKS,7207,5705,0.2865175407382774,11
TGOELCAG,PYZMVUWD,7207,3824,0.2960839927095362,2
TGOELCAG,QSDCUCLB,7207,2710,0.29919318942893147,3
TGOELCAG,ROACSLMG,7207,8505,0.28355771121048723,10
TGOELCAG,SNHYOVBM,7207,3824,0.27321522952257227,6
TGOELCAG,SUOYXCHP,7207,2805,0.2957737440429342,8
TGOELCAG,UIFPPCLR,7207,8102,0.2554275194831912,3
TGOELCAG,VBYCLTYZ,7207,8505,0.3818404254013954,12
TGOELCAG,WPQXWHYO,7207,2811,0.3457267616062485,2
TGOELCAG,ZCELVYQU,7207,8461,0.2658434104965275,6
TGOELCAG,ZGJXVMNI,7207,3006,0.3639527902188049,2
TGOELCAG,ZXERAXWP,7207,4802,0.2917065952781761,11
UGEQLMXM,ATLDMDBO,8714,2814,0.33203255765099815,6
UGEQLMXM,EVBVXETX,8714,3404,0.3530854040992195,3
UGEQLMXM,FITUEHWN,8714,8714,0.2723169391397757,4
UGEQLMXM,LUENUFGA,8714,2833,0.3359183673735897,6
UGEQLMXM,MBSBZBXA,8714,2846,0.2572259738052036,5
UGEQLMXM,QSDCUCLB,8714,2710,0.26080464698721917,1
UGEQLMXM,XIIEJNEE,8714,3815,0.2930365656354059,2
UGEQLMXM,XMKRPGLB,8714,2529,0.4497633766331699,12
UGEQLMXM,YSYHGLQK,8714,2807,0.26730509018085824,11
UIFPPCLR,DBWLZWNK,8102,5602,0.2712863029076613,10
UIFPPCLR,DDEXPPXU,8102,2807,0.267326745455966,10
UIFPPCLR,GYHKIVQT,8102,8505,0.25843694010888396,9
UIFPPCLR,KEUWZRKO,8102,8102,0.2785416828898355,1
UIFPPCLR,LPHPPJUG,8102,3824,0.2596930683563128,11
UIFPPCLR,QJQJSWFU,8102,3307,0.26311524991583557,8
UIFPPCLR,SAAYMURU,8102,3215,0.25886922395397494,5
UIFPPCLR,SNHYOVBM,8102,3824,0.2879495863281627,12
UIFPPCLR,TGOELCAG,8102,7207,0.44513394430511255,11
UIFPPCLR,XIFHSOWQ,8102,8708,0.26011950932799444,10
UIFPPCLR,XIPPENFQ,8102,2501,0.2666047722404352,12
UIFPPCLR,XMKRPGLB,8102,2529,0.2758886627812889,6
UQYUIVVR,BJALXPFS,8501,2847,0.262598433821674,1
UQYUIVVR,BSRMSVTC,8501,2805,0.25186861289772056,6
UQYUIVVR,DNMPSKTB,8501,2811,0.2644683885198762,6
UQYUIVVR,QKXNTIIB,8501,8501,0.2531518157085426,12
UQYUIVVR,ROACSLMG,8501,8505,0.29692873263717323,7
UQYUIVVR,TGOELCAG,8501,7207,0.2839616097924589,4
UXSPKBJR,ATLDMDBO,3206,2814,0.3029821127372876,9
UXSPKBJR,LUENUFGA,3206,2833,0.28353382430007645,3
UXSPKBJR,RAWUKQMJ,3206,2916,0.38241097613835406,12
UXSPKBJR,RCBZUSIM,3206,2805,0.2958304681168311,4
UXSPKBJR,SAHWCZNH,3206,2825,0.2823802401247675,4
VBYCLTYZ,AANGBULD,8505,4810,0.33496697031809,9
VBYCLTYZ,BJALXPFS,8505,2847,0.28444238754750684,6
VBYCLTYZ,BSRMSVTC,8505,2805,0.2557133288137723,12
VBYCLTYZ,BUZIIBYG,8505,9403,0.2558141100501299,6
VBYCLTYZ,FQCLOEXA,8505,8102,0.42049433441080564,10
VBYCLTYZ,LRVGFDFM,8505,3102,0.27486984821741434,5
VBYCLTYZ,OXKURKXR,8505,5402,0.2502043452087048,7
VBYCLTYZ,QVLMOEYE,8505,4202,0.31385131966477253,6
VBYCLTYZ,UGEQLMXM,8505,8714,0.3586695845675105,12
VBYCLTYZ,UXSPKBJR,8505,3206,0.45854101797607516,8
VBYCLTYZ,VUAFAIYJ,8505,6101,0.31650203819085965,11
VBYCLTYZ,WHPUAOID,8505,5512,0.2512637296833158,4
VBYCLTYZ,XMKRPGLB,8505,2529,0.3158623130858955,11
VBYCLTYZ,ZCELVYQU,8505,8461,0.256715599327606,5
VMAQSTJE,AANGBULD,8527,4810,0.27735309082844184,1
VMAQSTJE,APQGTRMF,8527,8105,0.2646286664969919,5
VMAQSTJE,BSRMSVTC,8527,2805,0.28557745898408804,6
VMAQSTJE,BTMOEMEP,8527,3102,0.3064025981998437,8
VMAQSTJE,DDEXPPXU,8527,2807,0.28062019309001096,10
VMAQSTJE,DEWLVASR,8527,3038,0.2923880075612919,4
VMAQSTJE,DNMPSKTB,8527,2811,0.2932028422316777,4
VMAQSTJE,JBVHSUWY,8527,1210,0.29949494580863245,9
VMAQSTJE,JERHKLYW,8527,4601,0.25948643328535326,9
VMAQSTJE,KAGJCHMR,8527,8467,0.32404576442725297,6
VMAQSTJE,OJIFIHMZ,8527,3815,0.28070575368343276,4
VMAQSTJE,XMKRPGLB,8527,2529,0.3525671343001253,6
VMAQSTJE,XUOIQPFL,8527,5205,0.3437753090467619,1
VUAFAIYJ,AXULOHBQ,6101,5515,0.28260488312790644,10
VUAFAIYJ,DBWLZWNK,6101,5602,0.2866467796976273,7
VUAFAIYJ,DEWLVASR,6101,3038,0.3294279769164765,11
VUAFAIYJ,IGDVVKUD,6101,3824,0.2643617334282533,3
VUAFAIYJ,LSOIUSXD,6101,5111,0.27065468277760285,7
VUAFAIYJ,OXKURKXR,6101,5402,0.3096210818628986,3
VUAFAIYJ,QKXNTIIB,6101,8501,0.29845339423357675,2
VUAFAIYJ,SAHWCZNH,6101,2825,0.35997554119335495,1
VUAFAIYJ,SNHYOVBM,6101,3824,0.2573693566597619,1
VUAFAIYJ,UGEQLMXM,6101,8714,0.29882701744565177,8
VUAFAIYJ,XMKRPGLB,6101,2529,0.26008896656874336,1
VWMBASNE,DNMPSKTB,2811,2811,0.30025774276521755,11
VWMBASNE,FQCLOEXA,2811,8102,0.32533849998143793,11
VWMBASNE,LRVGFDFM,2811,3102,0.2857672823360802,5
VWMBASNE,MBSBZBXA,2811,2846,0.31030674237190636,5
VWMBASNE,SAHWCZNH,2811,2825,0.2851340848090782,9
VWMBASNE,SDWAYPIK,2811,7207,0.26955244331630324,10
VWMBASNE,XMKRPGLB,2811,2529,0.2647320982643322,9
VWMBASNE,ZGJXVMNI,2811,3006,0.33699395323689707,3
WBLJNPZQ,AXULOHBQ,5309,5515,0.2517141088183843,1
WBLJNPZQ,BJALXPFS,5309,2847,0.2547377626035048,5
WBLJNPZQ,FITUEHWN,5309,8714,0.28484267733732915,1
WBLJNPZQ,JBVHSUWY,5309,1210,0.35103688273849976,7
WBLJNPZQ,QRKRBYJL,5309,2841,0.26289796010556765,7
WBLJNPZQ,QSDCUCLB,5309,2710,0.25381612493943706,6
WBLJNPZQ,SDWAYPIK,5309,7207,0.2533145737857656,8
WBLJNPZQ,VUAFAIYJ,5309,6101,0.460611554429597,8
WBLJNPZQ,XIFHSOWQ,5309,8708,0.26370679437824407,6
WBLJNPZQ,XIPPENFQ,5309,2501,0.31512073773389915,7
WBLJNPZQ,XMKRPGLB,5309,2529,0.2930488680786558,8
WHPUAOID,BEZYMBBT,5512,3207,0.3249813224454088,4
WHPUAOID,FDXPMYGF,5512,7907,0.28084312500054454,2
WHPUAOID,FITUEHWN,5512,8714,0.3754395485000761,11
WHPUAOID,HXYSSRXE,5512,2836,0.2608130542188891,9
WHPUAOID,KAGJCHMR,5512,8467,0.29844271934584343,4
WHPUAOID,KJNSOAHR,5512,8479,0.3068610306805213,10
WHPUAOID,RJGPVEXX,5512,2811,0.28559235565862284,1
WHPUAOID,WBLJNPZQ,5512,5309,0.2564806414194005,1
WHPUAOID,XIPPENFQ,5512,2501,0.2558284519995615,7
WHPUAOID,ZXERAXWP,5512,4802,0.3423804599970035,3
WPQXWHYO,BLANHGYY,2811,9022,0.30102669865113585,12
WPQXWHYO,BSRMSVTC,2811,2805,0.3347423511590639,10
WPQXWHYO,BUZIIBYG,2811,9403,0.268992634827685,7
WPQXWHYO,FITUEHWN,2811,8714,0.25399516620097096,10
WPQXWHYO,JPBRUTWP,2811,3904,0.44778419006795955,1
WPQXWHYO,KAGJCHMR,2811,8467,0.3023579542112582,12
WPQXWHYO,LLHREMKS,2811,2807,0.3148218719771605,11
WPQXWHYO,LSOIUSXD,2811,5111,0.41133672202380733,1
WPQXWHYO,QKXNTIIB,2811,8501,0.28272242406266646,11
WPQXWHYO,QVLMOEYE,2811,4202,0.25385146462707553,5
WPQXWHYO,RJGPVEXX,2811,2811,0.2623125474675505,3
WPQXWHYO,TGOELCAG,2811,7207,0.37703476570972283,11
WPQXWHYO,VBYCLTYZ,2811,8505,0.28865887309919547,7
WPQXWHYO,WBLJNPZQ,2811,5309,0.2887930399611398,5
WPQXWHYO,ZCELVYQU,2811,8461,0.25261325409094937,7
WQMVCOEM,BEZYMBBT,2805,3207,0.2649047348090936,11
WQMVCOEM,CCLHWFWF,2805,6211,0.30397022241455707,10
WQMVCOEM,FITUEHWN,2805,8714,0.28181599096414445,7
WQMVCOEM,FTSVTTSR,2805,2529,0.29019130629812384,2
WQMVCOEM,NAQIHUKZ,2805,3813,0.25176716216187556,8
WQMVCOEM,SAAYMURU,2805,3215,0.26875447888778314,7
WQMVCOEM,SAHWCZNH,2805,2825,0.2950797403896166,1
WQMVCOEM,TGOELCAG,2805,7207,0.27095049693497497,4
WQMVCOEM,WBLJNPZQ,2805,5309,0.2525420909144014,4
WQMVCOEM,XMKRPGLB,2805,2529,0.34529145182986687,7
WQMVCOEM,ZXERAXWP,2805,4802,0.2823185821093097,7
XIFHSOWQ,BJALXPFS,8708,2847,0.3201839959786974,11
XIFHSOWQ,DNMPSKTB,8708,2811,0.3179402418838606,11
XIFHSOWQ,FDXPMYGF,8708,7907,0.352828168947108,7
XIFHSOWQ,RJGPVEXX,8708,2811,0.32222580521858113,6
XIFHSOWQ,SAAYMURU,8708,3215,0.3068424140156858,4
XIFHSOWQ,SAHWCZNH,8708,2825,0.2804975671172456,12
XIFHSOWQ,UIFPPCLR,8708,8102,0.37457172434717245,4
XIFHSOWQ,VWMBASNE,8708,2811,0.314620007281635,3
XIFHSOWQ,ZGJXVMNI,8708,3006,0.2829066363798214,1
XIIEJNEE,AXULOHBQ,3815,5515,0.32882177078538266,4
XIIEJNEE,BLANHGYY,3815,9022,0.3030953776713452,4
XIIEJNEE,BSRMSVTC,3815,2805,0.25919708912194217,8
XIIEJNEE,ELQGMQWE,3815,2002,0.2738588570295093,12
XIIEJNEE,FRHNWLNI,3815,2846,0.3585602139907391,8
XIIEJNEE,IGDVVKUD,3815,3824,0.41086262739074453,6
XIIEJNEE,KAGJCHMR,3815,8467,0.26194172823550055,7
XIIEJNEE,KEUWZRKO,3815,8102,0.35182548128346536,8
XIIEJNEE,LUENUFGA,3815,2833,0.27010052496667214,11
XIIEJNEE,MBSBZBXA,3815,2846,0.2821377496320352,8
XIIEJNEE,OJIFIHMZ,3815,3815,0.28043486629259906,3
XIIEJNEE,WHPUAOID,3815,5512,0.3928804791360818,11
XIIEJNEE,WPQXWHYO,3815,2811,0.2528474650307251,12
XIIEJNEE,XMKRPGLB,3815,2529,0.4606705360969441,9
XIPPENFQ,AANGBULD,2501,4810,0.351017154028213,11
XIPPENFQ,BSRMSVTC,2501,2805,0.3964039041113583,11
XIPPENFQ,DUCMGGNW,2501,3806,0.25933773483992617,10
XIPPENFQ,EVBVXETX,2501,3404,0.2544775899868119,9
XIPPENFQ,FITUEHWN,2501,8714,0.330040215311993,10
XIPPENFQ,FQCLOEXA,2501,8102,0.2755382255049308,1
XIPPENFQ,JERHKLYW,2501,4601,0.2563026452788586,10
XIPPENFQ,JPBRUTWP,2501,3904,0.4130364214899185,7
XIPPENFQ,PYZMVUWD,2501,3824,0.4174407455605387,12
XIPPENFQ,QRKRBYJL,2501,2841,0.2697105917274438,12
XIPPENFQ,VMAQSTJE,2501,8527,0.45542904386754124,5
XMKRPGLB,AHMDUILJ,2529,2102,0.38408303170684666,8
XMKRPGLB,BSRMSVTC,2529,2805,0.3130561936252354,2
XMKRPGLB,DBWLZWNK,2529,5602,0.2594410200130297,6
XMKRPGLB,FDXPMYGF,2529,7907,0.3175295018775146,7
XMKRPGLB,FQCLOEXA,2529,8102,0.3679780090502489,7
XMKRPGLB,KAGJCHMR,2529,8467,0.31739741135360955,4
XMKRPGLB,KEUWZRKO,2529,8102,0.3047517639439121,7
XMKRPGLB,OJIFIHMZ,2529,3815,0.4364734224066831,12
XMKRPGLB,RAWUKQMJ,2529,2916,0.26312596509813435,3
XMKRPGLB,RCBZUSIM,2529,2805,0.2650685634593195,4
XMKRPGLB,SNHYOVBM,2529,3824,0.28819197951385567,3
XMKRPGLB,ZKENOUDA,2529,2805,0.3682723438727875,12
XUOIQPFL,AANGBULD,5205,4810,0.2772354163735544,2
XUOIQPFL,DJBLNPNC,5205,2805,0.3248746750899931,7
XUOIQPFL,DNMPSKTB,5205,2811,0.3190734637681092,1
XUOIQPFL,EVBVXETX,5205,3404,0.29880498331796534,12
XUOIQPFL,FQCLOEXA,5205,8102,0.42852740350446616,5
XUOIQPFL,LLHREMKS,5205,2807,0.31645230248217526,8
XUOIQPFL,NZKBIBNU,5205,5609,0.28636965696959593,12
XUOIQPFL,OXKURKXR,5205,5402,0.2761658286267177,12
XUOIQPFL,QRKRBYJL,5205,2841,0.2521291376111221,4
XUOIQPFL,QVLMOEYE,5205,4202,0.2746795184218407,10
XUOIQPFL,RAWUKQMJ,5205,2916,0.3016618998530074,8
XUOIQPFL,RCBZUSIM,5205,2805,0.2609445440756053,4
XUOIQPFL,VUAFAIYJ,5205,6101,0.2828191740586097,3
XUOIQPFL,XIFHSOWQ,5205,8708,0.2669165203345658,3
XUOIQPFL,XMKRPGLB,5205,2529,0.31336401551423476,5
YSYHGLQK,AXULOHBQ,2807,5515,0.2841864137964367,9
YSYHGLQK,BEZYMBBT,2807,3207,0.28132992850720795,3
YSYHGLQK,BSRMSVTC,2807,2805,0.29439799290419133,11
YSYHGLQK,DUCMGGNW,2807,3806,0.3355489480913907,10
YSYHGLQK,FRHNWLNI,2807,2846,0.26926365874189306,10
YSYHGLQK,JERHKLYW,2807,4601,0.292000178653369,9
YSYHGLQK,JPBRUTWP,2807,3904,0.2533169199830212,11
YSYHGLQK,KEUWZRKO,2807,8102,0.2671859297523884,10
YSYHGLQK,SUOYXCHP,2807,2805,0.2638737644737068,3
ZCELVYQU,EVBVXETX,8461,3404,0.36151201329172933,1
ZCELVYQU,QJQJSWFU,8461,3307,0.3086161635133271,12
ZCELVYQU,VMAQSTJE,8461,8527,0.3130210311817385,1
ZGJXVMNI,AHMDUILJ,3006,2102,0.34655136104528506,10
ZGJXVMNI,BTMOEMEP,3006,3102,0.25236060187645704,2
ZGJXVMNI,LRVGFDFM,3006,3102,0.2638932098569833,7
ZGJXVMNI,MBSBZBXA,3006,2846,0.3520453680958968,9
ZGJXVMNI,OKMBFVKS,3006,5705,0.3368592220797111,9
ZGJXVMNI,OXKURKXR,3006,5402,0.27641403245251617,8
ZGJXVMNI,SAAYMURU,3006,3215,0.2863594093127939,12
ZGJXVMNI,SNHYOVBM,3006,3824,0.3012208768513762,5
ZGJXVMNI,UIFPPCLR,3006,8102,0.26112052599731905,12
ZGJXVMNI,VBYCLTYZ,3006,8505,0.2865999299329567,6
ZKENOUDA,DJBLNPNC,2805,2805,0.38547008560065077,11
ZKENOUDA,FITUEHWN,2805,8714,0.36905730120700264,10
ZKENOUDA,LTOYKIML,2805,3909,0.3156176296657329,12
ZKENOUDA,SAHWCZNH,2805,2825,0.35276010932030744,10
ZKENOUDA,UGEQLMXM,2805,8714,0.2535020750116068,8
ZKENOUDA,UIFPPCLR,2805,8102,0.3360381145556741,5
ZKENOUDA,XIIEJNEE,2805,3815,0.27654775482059346,9
ZXERAXWP,BEZYMBBT,4802,3207,0.28056488508472155,6
ZXERAXWP,DDEXPPXU,4802,2807,0.31231870438149656,11
ZXERAXWP,EVBVXETX,4802,3404,0.2591773034981544,5
ZXERAXWP,FTSVTTSR,4802,2529,0.3460915057660321,7
ZXERAXWP,GKQIJYDH,4802,8501,0.308401735713697,8
ZXERAXWP,JPBRUTWP,4802,3904,0.25580451642844926,12
ZXERAXWP,JSLXRQOK,4802,5119,0.2674866933751554,10
ZXERAXWP,KAGJCHMR,4802,8467,0.26328761657885646,10
ZXERAXWP,QVLMOEYE,4802,4202,0.3564756769486537,7
ZXERAXWP,RCBZUSIM,4802,2805,0.2580053204544259,4
ZXERAXWP,SAAYMURU,4802,3215,0.26859614245123,12
ZXERAXWP,VWMBASNE,4802,2811,0.2536747192751627,12
ZXERAXWP,XMKRPGLB,4802,2529,0.2597727381866486,12
