선행품목,후행품목,선행품목hs4,후행품목hs4,최적지연기간,피어슨상관계수,피어슨p값,그랜저인과성p
AANGBULD,APQGTRMF,4810,8105,8,-0.4264506613730963,0.0119032972630437,0.022440514436491796
AANGBULD,GKQIJYDH,4810,8501,12,0.5715925023443449,0.0009683882481355,0.01620575072451184
AANGBULD,GYHKIVQT,4810,8505,10,-0.4702210933484259,0.0066129572933818,0.024515410987825243
AANGBULD,IGDVVKUD,4810,3824,12,0.5964290571863256,0.0005042313042049,0.012240816527988295
AANGBULD,KJNSOAHR,4810,8479,5,0.5576198645605004,0.0003364276012944,0.010076006808138518
AANGBULD,LPHPPJUG,4810,3824,3,0.4251072533770419,0.0069816340147025,0.0032083331910263656
AANGBULD,VMAQSTJE,4810,8527,9,0.522898432358215,0.0017955979567323,0.02819088605326358
AANGBULD,WPQXWHYO,4810,2811,7,0.4023006450921436,0.0165832165244408,0.019338753642938043
AANGBULD,YSYHGLQK,4810,2807,11,0.4951739278094671,0.0046224264123684,0.014890746097014494
AHMDUILJ,ANWUJOKX,2102,4403,8,-0.4369898694204989,0.0097621977830648,0.0022994360788322716
AHMDUILJ,ATLDMDBO,2102,2814,4,0.4735834719155833,0.0026713680637371,0.04535582420007948
AHMDUILJ,DEWLVASR,2102,3038,11,0.4314788334040204,0.0153668303387027,0.019999163998889038
AHMDUILJ,ELQGMQWE,2102,2002,7,0.4984133907326208,0.0023096401457515,0.01326069536192368
AHMDUILJ,JERHKLYW,2102,4601,2,0.5331908113033077,0.0003964387134353,0.0006765903946689814
AHMDUILJ,OGAFEHLU,2102,7202,10,0.5199933794793403,0.0022848874551172,0.030426845521871332
AHMDUILJ,OJIFIHMZ,2102,3815,11,-0.5469503847107329,0.0014527104353484,0.03630175540563141
AHMDUILJ,OXKURKXR,2102,5402,11,-0.4082615438455205,0.0226035628287583,0.04717479888334819
AHMDUILJ,QSDCUCLB,2102,2710,10,0.4604627103109883,0.0080024381465287,0.00026804644339158953
AHMDUILJ,TGOELCAG,2102,7207,5,-0.4561061821535888,0.004551047175519,0.018247053512363002
AHMDUILJ,UGEQLMXM,2102,8714,10,0.47743665502215,0.0057229134767729,0.03117654978705866
AHMDUILJ,WBLJNPZQ,2102,5309,12,-0.5225891818786057,0.0030501348140633,0.030560556902686938
AHMDUILJ,WPQXWHYO,2102,2811,7,0.5020921161024889,0.0021169441324863,0.03265150121725635
AHMDUILJ,YSYHGLQK,2102,2807,8,-0.421582166552595,0.0130188099592473,0.008168974919597631
AHMDUILJ,ZCELVYQU,2102,8461,3,0.456895577853615,0.0034563508251166,0.036193669968212765
AHMDUILJ,ZKENOUDA,2102,2805,11,0.4328183561573839,0.0150165960190541,0.009202990439579237
ANWUJOKX,AHMDUILJ,4403,2102,9,-0.5008492514034474,0.0029900320157529,0.031482499702259734
ANWUJOKX,BTMOEMEP,4403,3102,9,-0.4799408604484345,0.0047058560524865,0.015174859628467877
ANWUJOKX,PLMZALFA,4403,3024,7,-0.5163068365816121,0.0014980090715109,0.00442984052093944
ANWUJOKX,QSDCUCLB,4403,2710,8,0.4782690590652437,0.0042229417008613,0.04689267739272305
ANWUJOKX,RUVXNNVA,4403,2612,12,0.5080210721414449,0.0041559405036342,0.00019207187070727287
ANWUJOKX,TANNMIMB,4403,4302,8,0.6550407326457002,2.6258407453985297e-05,0.026353965158055152
ANWUJOKX,UXSPKBJR,4403,3206,10,0.4270182017168504,0.0147900305863877,0.030186615294422247
APQGTRMF,AXULOHBQ,8105,5515,7,0.4640010432466207,0.0049901607373169,0.018919601607374246
APQGTRMF,BTMOEMEP,8105,3102,2,0.4590015045576636,0.0028908468423842,0.015448428482452505
APQGTRMF,DBWLZWNK,8105,5602,6,0.5454307410734781,0.0005811430147053,0.005970492612064162
APQGTRMF,GIKPEWTY,8105,7142,10,-0.587089472375875,0.0004120869600955,4.593918670440172e-05
APQGTRMF,LRVGFDFM,8105,3102,9,0.4921090306790037,0.003626587130658,0.0013929389738917882
APQGTRMF,QKXNTIIB,8105,8501,7,0.4090950669141648,0.0146793133934357,0.015543892157251347
APQGTRMF,QRKRBYJL,8105,2841,12,-0.5250421507654873,0.0028914396105151,0.0168906002862871
APQGTRMF,RCBZUSIM,8105,2805,3,0.4389484980411647,0.0051822030713438,0.006904590546822906
APQGTRMF,SAHWCZNH,8105,2825,6,0.4698129375973829,0.0038397365927525,0.014269785455249815
APQGTRMF,VBYCLTYZ,8105,8505,7,-0.4858283009785059,0.0030894346106071,0.012375173093203226
APQGTRMF,VWMBASNE,8105,2811,8,0.4338025953338348,0.0103721747811759,0.007263684020589695
APQGTRMF,ZCELVYQU,8105,8461,9,0.4331888171540502,0.0117953316965615,0.03827226941219501
ATLDMDBO,DBWLZWNK,2814,5602,3,0.506647410908011,0.0009975051090701,0.04345922185839481
ATLDMDBO,KAGJCHMR,2814,8467,11,-0.4456966068196127,0.0119762085699108,0.02418959777738772
ATLDMDBO,LUENUFGA,2814,2833,4,-0.4012431890233284,0.0125350930720014,0.022163793584190027
ATLDMDBO,OGAFEHLU,2814,7202,6,0.6048725388006756,9.320185923692424e-05,0.011614587602310709
ATLDMDBO,OJIFIHMZ,2814,3815,7,-0.5048629648917466,0.001981229443555,0.028031260783876532
ATLDMDBO,PLMZALFA,2814,3024,10,-0.4509878142695844,0.0095813459029066,0.0030556748114172485
ATLDMDBO,STZDBITS,2814,3815,12,-0.4344968797401567,0.0164280718353163,0.04569406832191388
AXULOHBQ,EVBVXETX,5515,3404,8,0.4460742400515038,0.0081879343511727,0.0042543390693751005
AXULOHBQ,LSOIUSXD,5515,5111,6,-0.4568889543830892,0.0050911216854417,0.012574650123155773
AXULOHBQ,OKMBFVKS,5515,5705,5,0.5053516520548321,0.0014211838103525,0.03817897969616426
AXULOHBQ,OXKURKXR,5515,5402,6,0.4151917929782267,0.0118004567672518,0.0025120378637924724
AXULOHBQ,ROACSLMG,5515,8505,1,0.4188767020749124,0.00641503910443,0.023649534761787536
BEZYMBBT,AANGBULD,3207,4810,2,-0.5546630494750731,0.0002039547940505,0.03838083205607792
BEZYMBBT,DJBLNPNC,3207,2805,10,-0.4361687607826246,0.0125754544004106,0.048484493224998496
BEZYMBBT,JBVHSUWY,3207,1210,11,-0.4461297293814932,0.0118836902253743,0.024832920178256914
BEZYMBBT,KEUWZRKO,3207,8102,9,0.4412245262399537,0.0101605600424747,0.006279333756284536
BEZYMBBT,LRVGFDFM,3207,3102,5,-0.4922530698173559,0.001969827113363,0.04432301769534026
BEZYMBBT,OXKURKXR,3207,5402,11,0.5229818695998336,0.0025390082139965,0.012817209346838398
BEZYMBBT,TANNMIMB,3207,4302,10,-0.4975119098682067,0.0037651770373553,0.024976889707392754
BEZYMBBT,UGEQLMXM,3207,8714,10,-0.5211712442831677,0.0022237761070758,0.009843606930375602
BEZYMBBT,VBYCLTYZ,3207,8505,8,0.435315094398923,0.010078806620327,0.0048561952990726276
BJALXPFS,DNMPSKTB,2847,2811,10,0.403900707191284,0.0218733556401276,0.01439244255217409
BJALXPFS,FDXPMYGF,2847,7907,11,0.5680161915814816,0.0008584692147736,0.049364077647639816
BJALXPFS,GYHKIVQT,2847,8505,5,0.447285978189275,0.0055094711636439,0.01834802096359978
BJALXPFS,KEUWZRKO,2847,8102,5,0.5405712973032366,0.000552357896483,0.03521313798684868
BJALXPFS,KJNSOAHR,2847,8479,12,0.4803208542047369,0.007222090621515,0.01643679551146345
BJALXPFS,LPHPPJUG,2847,3824,11,-0.4614064139221976,0.0089831004925162,0.022073632160347658
BJALXPFS,QSDCUCLB,2847,2710,9,-0.4859634357917728,0.0041414136792802,0.03981494037756772
BJALXPFS,RCBZUSIM,2847,2805,6,0.4087551541123282,0.0133170508222117,0.03658430521441423
BJALXPFS,WPQXWHYO,2847,2811,12,0.6285206761406107,0.000199690430081,0.031739332896419066
BJALXPFS,WQMVCOEM,2847,2805,12,-0.4169489195353014,0.0218940433859524,0.017281628421804338
BJALXPFS,XIFHSOWQ,2847,8708,5,0.5482932160656224,0.0004427055803262,0.024819432639491237
BJALXPFS,XIPPENFQ,2847,2501,5,-0.4612401702107355,0.0040625507124289,0.015243804727781139
BLANHGYY,BJALXPFS,9022,2847,6,-0.4387302781083986,0.0074349802254186,0.026915015083365728
BLANHGYY,DJBLNPNC,9022,2805,7,0.4601985098289313,0.0054080601412769,0.027343646000006112
BLANHGYY,HCDTGMST,9022,6006,12,-0.5096669345252582,0.00401589222105,5.537607219565875e-05
BLANHGYY,QKXNTIIB,9022,8501,5,0.4522881674936193,0.0049465614300473,0.014300623919174214
BLANHGYY,XMKRPGLB,9022,2529,8,-0.4182703581911088,0.0138268984273527,0.005063179978923319
BSRMSVTC,AHMDUILJ,2805,2102,5,0.5578791685714739,0.0003338309093645,0.018389935462488228
BSRMSVTC,JPBRUTWP,2805,3904,4,0.4345318055432269,0.006409598903324,0.016201162611738804
BSRMSVTC,LSOIUSXD,2805,5111,5,-0.5810338701975968,0.0001627523086445,0.03339300403112594
BSRMSVTC,NZKBIBNU,2805,5609,1,-0.4062900841884828,0.0083927052437887,0.02949864744505286
BSRMSVTC,OJIFIHMZ,2805,3815,10,0.5338949220986406,0.0016488816446361,0.0060301975901249725
BSRMSVTC,QVLMOEYE,2805,4202,6,-0.4565661409935709,0.0051264217074271,0.04591944191382997
BSRMSVTC,ROACSLMG,2805,8505,1,-0.6410039151571825,6.332208936813215e-06,0.026908677759972476
BSRMSVTC,TGOELCAG,2805,7207,10,-0.5654756000407895,0.0007445723341344,0.0013023463221587318
BSRMSVTC,WBLJNPZQ,2805,5309,11,0.5371506216816806,0.0018343068168887,0.009351977607253332
BSRMSVTC,WPQXWHYO,2805,2811,3,-0.4599417170421863,0.0032197763258223,0.043617843840004514
BSRMSVTC,XMKRPGLB,2805,2529,12,-0.4615436428159292,0.0102480830923736,1.841823828893511e-05
BTMOEMEP,DBWLZWNK,3102,5602,11,-0.5025358331144711,0.0039633974340271,0.044910476290581064
BTMOEMEP,GIKPEWTY,3102,7142,7,0.408315772100558,0.0148878990691052,0.005306369307872035
BTMOEMEP,KAGJCHMR,3102,8467,6,-0.4727973866143747,0.003592036464755,0.014209993446646134
BTMOEMEP,KJNSOAHR,3102,8479,8,-0.4150717375974716,0.0146469789138161,0.035595099957425796
BTMOEMEP,LUENUFGA,3102,2833,10,-0.4677958269870187,0.0069374705571167,0.013314733594756805
BTMOEMEP,RAWUKQMJ,3102,2916,11,-0.4551220626623976,0.0100941018345713,0.0011282596005070032
BUZIIBYG,BEZYMBBT,9403,3207,12,0.4848055584353806,0.0066239952736967,0.04011005185166552
BUZIIBYG,ELQGMQWE,9403,2002,1,-0.4030443701207871,0.0089804832278017,0.0384483300969198
BUZIIBYG,FITUEHWN,9403,8714,10,0.5709044667087475,0.0006442213628328,0.004292022462691022
BUZIIBYG,FTSVTTSR,9403,2529,11,-0.5070030942680304,0.0036042434645114,0.04002934659306161
BUZIIBYG,GYHKIVQT,9403,8505,1,-0.4171898409998197,0.0066541489881581,0.036209315051591105
BUZIIBYG,JBVHSUWY,9403,1210,8,-0.4283713200537902,0.0114859799393985,0.02228374170593156
BUZIIBYG,KJNSOAHR,9403,8479,7,0.4963268513831882,0.0024256012628359,0.038186405425560066
BUZIIBYG,LSOIUSXD,9403,5111,12,0.439195318996002,0.0151745230288946,0.024519612714452032
BUZIIBYG,MIRCVAMV,9403,4408,12,0.4179574797830104,0.0215438881528555,0.0068802774608826
BUZIIBYG,RJGPVEXX,9403,2811,3,0.4458225221990916,0.0044487895061063,0.012714883810289576
BUZIIBYG,RUVXNNVA,9403,2612,11,0.4182855784608144,0.0191946210675152,0.009083483138920233
BUZIIBYG,STZDBITS,9403,3815,10,0.5289273671139743,0.00185568537414,0.032009972717882154
BUZIIBYG,SUOYXCHP,9403,2805,11,-0.4174820092205952,0.0194511877548433,0.01341174451688255
BUZIIBYG,TGOELCAG,9403,7207,1,-0.4339795186522754,0.0045847961183145,0.027741049424482894
BUZIIBYG,UXSPKBJR,9403,3206,2,0.4311500879912403,0.0054772772162244,0.0453724917701211
BUZIIBYG,WPQXWHYO,9403,2811,1,-0.4769612388420262,0.0016164135447357,0.005412879611996659
BUZIIBYG,WQMVCOEM,9403,2805,4,0.4409206240155764,0.0055924347891891,0.007703124740948838
CCLHWFWF,NZKBIBNU,6211,5609,3,0.4802660331882576,0.0019728176127768,0.048398292809687084
CCLHWFWF,SDWAYPIK,6211,7207,11,-0.4003168827850411,0.0256462461483596,0.03034375931981981
CCLHWFWF,VUAFAIYJ,6211,6101,5,0.4664054608633531,0.0036176457836988,0.0013701625219881162
CCLHWFWF,VWMBASNE,6211,2811,2,-0.4171356811997383,0.0074100715413434,0.002644294504614076
DBWLZWNK,BUZIIBYG,5602,9403,5,0.4200327360712212,0.0096475190471495,0.03235069699186248
DBWLZWNK,CCLHWFWF,5602,6211,1,-0.4302968034136953,0.0049830372066536,0.0055613265783278605
DBWLZWNK,JSLXRQOK,5602,5119,11,-0.533383749484546,0.0020026491046319,0.0277004119985842
DBWLZWNK,LRVGFDFM,5602,3102,9,0.4049700481129406,0.0193959534223227,0.004174964528754516
DBWLZWNK,OKMBFVKS,5602,5705,11,-0.4492850479291908,0.011227625839424,0.014896213556558444
DBWLZWNK,RUVXNNVA,5602,2612,10,-0.4277477709082696,0.0146022645663092,0.04826044418651543
DBWLZWNK,SNHYOVBM,5602,3824,3,-0.5520570984847417,0.0002689987476884,0.016487868248361997
DBWLZWNK,WQMVCOEM,5602,2805,6,0.4789319056873564,0.0031261006619484,0.013516985087486277
DBWLZWNK,ZGJXVMNI,5602,3006,12,0.424043445154101,0.019527371874295,0.03323124843641145
DDEXPPXU,AANGBULD,2807,4810,7,-0.4210148682902522,0.0117824318227023,0.043989063148887945
DDEXPPXU,BEZYMBBT,2807,3207,5,0.4088238706569392,0.0119948928478922,0.0007797481617154133
DDEXPPXU,BUZIIBYG,2807,9403,10,0.4806115926563079,0.0053650129584671,0.016705998973745157
DDEXPPXU,GYHKIVQT,2807,8505,10,0.4145569342074477,0.0183220393122627,0.01027226443340582
DDEXPPXU,JBVHSUWY,2807,1210,5,0.459585822633429,0.0042147377579749,0.017991792231153957
DDEXPPXU,NZKBIBNU,2807,5609,10,0.5746419311959744,0.0005822591772973,0.02132288923718186
DDEXPPXU,XIPPENFQ,2807,2501,3,0.4114462724491694,0.0092609350947625,0.035425220695636236
DEWLVASR,AHMDUILJ,3038,2102,9,0.5013776539996339,0.0029548672558557,0.030264306492112373
DEWLVASR,BJALXPFS,3038,2847,9,0.4273130566492255,0.0131263601054933,0.018203128796811636
DEWLVASR,DNMPSKTB,3038,2811,12,-0.46094774784805,0.0103593318390822,0.00014432581900994436
DEWLVASR,FDXPMYGF,3038,7907,7,0.4419632066841398,0.0078566640517673,0.0007522611348343798
DEWLVASR,FRHNWLNI,3038,2846,11,0.5981863158823804,0.0003790646947009,0.033668672167967026
DEWLVASR,FTSVTTSR,3038,2529,6,0.8850887673591737,7.754361818784972e-13,0.011509158518165046
DEWLVASR,HCDTGMST,3038,6006,1,0.4013342978219283,0.0093041272106545,0.004043443317861311
DEWLVASR,JERHKLYW,3038,4601,7,-0.5057983019287643,0.0019371680069573,0.0017277655656596203
DEWLVASR,JPBRUTWP,3038,3904,7,-0.4216209305510499,0.0116490917337797,0.04221615531444898
DEWLVASR,LPHPPJUG,3038,3824,6,0.4140489672380099,0.0120585113454797,0.01912229651884201
DEWLVASR,LRVGFDFM,3038,3102,8,0.4023259217494935,0.0183315081871052,0.04211982969738636
DEWLVASR,RUVXNNVA,3038,2612,9,-0.4603123728798363,0.007027902237075,0.0017425837184143656
DEWLVASR,TANNMIMB,3038,4302,4,-0.5383634075734847,0.000489238757786,0.003481866298604355
DEWLVASR,UGEQLMXM,3038,8714,2,0.4194058099532731,0.0070619814722389,0.01692264072575909
DEWLVASR,UQYUIVVR,3038,8501,10,0.8523649203791935,5.996550239624164e-10,0.005503168726772669
DEWLVASR,VMAQSTJE,3038,8527,5,-0.6119685034374984,5.703378153217907e-05,0.024119935232831277
DEWLVASR,WHPUAOID,3038,5512,4,0.4572192917787342,0.0039026374140539,0.016528112708185234
DEWLVASR,XIFHSOWQ,3038,8708,3,0.4805619613927798,0.0019583630550388,0.008067362910029657
DEWLVASR,XIIEJNEE,3038,3815,12,0.5146209170071601,0.0036185015843135,0.010716007909498846
DEWLVASR,YSYHGLQK,3038,2807,5,0.5445712039155395,0.0004928647162995,0.0037936736884538174
DEWLVASR,ZGJXVMNI,3038,3006,10,-0.4213105655886264,0.0163297947065531,0.04943709033088139
DEWLVASR,ZKENOUDA,3038,2805,1,-0.5537196936023066,0.0001729961083287,0.046077047022702614
DEWLVASR,ZXERAXWP,3038,4802,12,0.402609434535061,0.02739927299751,0.00048751466979119807
DJBLNPNC,BEZYMBBT,2805,3207,1,0.4710946930191749,0.0018785381988405,0.01981494492545278
DJBLNPNC,BLANHGYY,2805,9022,4,-0.5024417040413521,0.0013065104590723,0.03724777242882978
DJBLNPNC,JERHKLYW,2805,4601,8,0.4336716781751729,0.0103979044109385,0.02046195838786041
DJBLNPNC,KEUWZRKO,2805,8102,9,-0.4386950737005213,0.0106530838826744,0.031219198065934182
DJBLNPNC,OJIFIHMZ,2805,3815,9,0.538759076343138,0.0012175800599897,0.005177699298115407
DJBLNPNC,SNHYOVBM,2805,3824,6,0.4088592665666662,0.0132912709672133,0.0117428491785715
DJBLNPNC,WBLJNPZQ,2805,5309,11,-0.4024508289341606,0.0247978198021314,0.010095081792089403
DJBLNPNC,WQMVCOEM,2805,2805,10,0.4065717243723504,0.0209338690463742,0.017059574657472286
DJBLNPNC,ZCELVYQU,2805,8461,9,0.4381241192911621,0.0107670050278102,0.04361053143586328
DNMPSKTB,BJALXPFS,2811,2847,11,-0.4018485540126768,0.0250349101045052,0.011776659747946741
DNMPSKTB,FDXPMYGF,2811,7907,7,0.5065985537727216,0.0019001531859432,0.02282084436516267
DNMPSKTB,FTSVTTSR,2811,2529,12,-0.481297887353455,0.0070880324803491,0.02617782657209517
DNMPSKTB,GKQIJYDH,2811,8501,12,0.4925554723723003,0.0056894475355375,0.012759141540834032
DNMPSKTB,IGDVVKUD,2811,3824,1,-0.4427709293278085,0.0037441605880285,0.030148450991522007
DNMPSKTB,KAGJCHMR,2811,8467,9,0.4076976374043377,0.0185178132410621,0.041009908792139484
DNMPSKTB,LPHPPJUG,2811,3824,5,0.4135901960134998,0.010943480783924,0.0038480210442380196
DNMPSKTB,QVLMOEYE,2811,4202,3,0.4911232559259022,0.0014998208252493,0.014083336440650907
DNMPSKTB,RCBZUSIM,2811,2805,6,-0.4316790411217692,0.0085669749616944,0.009152511069525584
DUCMGGNW,ANWUJOKX,3806,4403,7,-0.5676336414318056,0.0003760658584142,0.009313965588739684
DUCMGGNW,BUZIIBYG,3806,9403,2,-0.5084726751926907,0.0008081275196641,0.04679292195887248
DUCMGGNW,FDXPMYGF,3806,7907,12,0.4880148805869537,0.0062222857033552,0.02143060673088248
DUCMGGNW,HCDTGMST,3806,6006,4,-0.5781062076881265,0.0001440167744525,0.04272041232969379
DUCMGGNW,KEUWZRKO,3806,8102,5,-0.5654107957414705,0.000265808022299,0.025117404687009407
DUCMGGNW,OGAFEHLU,3806,7202,9,0.4576332208022914,0.0074102930233562,0.045047524245461865
DUCMGGNW,UXSPKBJR,3806,3206,3,0.6923370297949745,1.0461623551055422e-06,0.014070459100878395
DUCMGGNW,VBYCLTYZ,3806,8505,11,0.4566160497291571,0.0098200088893799,0.02545250827252902
DUCMGGNW,WQMVCOEM,3806,2805,12,0.4223738541407265,0.020064396515704,0.016582464701163185
DUCMGGNW,XUOIQPFL,3806,5205,12,-0.4094499923541678,0.0246469325790915,0.008078984639358421
DUCMGGNW,ZKENOUDA,3806,2805,7,0.5819790210627099,0.0002451398875637,0.028917793243233566
ELQGMQWE,BUZIIBYG,2002,9403,11,-0.4600014820159966,0.0092220552468494,0.039014367449810634
ELQGMQWE,FDXPMYGF,2002,7907,1,-0.42696722153246,0.0053686151457337,0.039674953455584874
ELQGMQWE,JERHKLYW,2002,4601,9,-0.4509737789644022,0.0084383653838226,0.042870302474665035
EVBVXETX,BJALXPFS,3404,2847,12,0.4363687142466437,0.0159187412685353,0.041160139361216486
EVBVXETX,BSRMSVTC,3404,2805,12,0.6171521100985469,0.0002804542444158,0.009590988292471011
EVBVXETX,DEWLVASR,3404,3038,8,0.5482160414272501,0.0007892530292788,0.014519693158395536
EVBVXETX,JPBRUTWP,3404,3904,9,0.5279443577284237,0.0015900787799052,0.039999015195222025
EVBVXETX,KJNSOAHR,3404,8479,2,0.5870125262462027,6.849402347488343e-05,0.01483967396472726
EVBVXETX,RCBZUSIM,3404,2805,10,0.4908874180296624,0.004334922669234,0.0044534912613421835
EVBVXETX,XIFHSOWQ,3404,8708,1,-0.4477728396995834,0.0033286954306552,0.015275335608473677
FCYBOAXC,JPBRUTWP,3824,3904,6,-0.4277897481624624,0.0092520533150625,0.006076142867761112
FCYBOAXC,PLMZALFA,3824,3024,3,0.4237309925253053,0.0071869106032886,0.001297146258681537
FCYBOAXC,QKXNTIIB,3824,8501,4,-0.4019046289001073,0.0123768886165232,0.04425013127365536
FCYBOAXC,ROACSLMG,3824,8505,5,0.4167160353498212,0.0102973355895933,0.002409787272290286
FCYBOAXC,UGEQLMXM,3824,8714,12,-0.4156638837858672,0.0223469505581879,0.04646946720467929
FCYBOAXC,UQYUIVVR,3824,8501,9,0.405978054171945,0.019067485541425,0.016891493676321593
FCYBOAXC,VUAFAIYJ,3824,6101,9,-0.4776700764172651,0.0049352213341971,0.0009208321908222536
FCYBOAXC,XIPPENFQ,3824,2501,12,0.4903972868062911,0.0059376510238691,0.004348919706242753
FDXPMYGF,AANGBULD,7907,4810,6,0.5645775518792137,0.0003346745372442,0.0418742876655603
FDXPMYGF,ANWUJOKX,7907,4403,7,-0.5903684960365356,0.0001890853514705,0.037586673389169975
FDXPMYGF,AXULOHBQ,7907,5515,12,0.4905328365323618,0.0059217953033402,0.04740277176589784
FDXPMYGF,DJBLNPNC,7907,2805,8,0.469890254572502,0.0050475892064232,0.023639299214749998
FDXPMYGF,FRHNWLNI,7907,2846,4,0.5375648404515201,0.0005006403681804,0.0008195309877702346
FDXPMYGF,FWUCPMMW,7907,2701,11,-0.446421440719475,0.0118217171157218,0.022500156944293623
FDXPMYGF,HXYSSRXE,7907,2836,1,0.541987821379811,0.0002521663364059,0.039424893034205044
FDXPMYGF,MBSBZBXA,7907,2846,7,0.4628552696792797,0.0051130465253286,0.014860928026007471
FDXPMYGF,WHPUAOID,7907,5512,8,0.4159573567071868,0.0144159359215355,0.017376551646253693
FDXPMYGF,ZKENOUDA,7907,2805,5,-0.4396943456218,0.0064691368355779,0.007947678594681231
FITUEHWN,ELQGMQWE,8714,2002,11,-0.5173932648304244,0.0028754806179499,0.044215056201552756
FITUEHWN,HXYSSRXE,8714,2836,9,-0.4914712560105168,0.0036773066814903,0.013756131916978935
FITUEHWN,MIRCVAMV,8714,4408,2,0.4889368972696153,0.0013675798987888,0.024137789948068825
FITUEHWN,VWMBASNE,8714,2811,10,0.4096206124068822,0.019902495534433,0.045045144797365065
FQCLOEXA,DNMPSKTB,8102,2811,10,0.4693667939546908,0.0067257578605846,0.04877940228199844
FQCLOEXA,FDXPMYGF,8102,7907,2,0.4890852414559303,0.001362285517233,0.041424192696289594
FQCLOEXA,LRVGFDFM,8102,3102,6,-0.4827764328670183,0.002861710378037,0.04209887917085994
FQCLOEXA,MIRCVAMV,8102,4408,10,0.4155848420511294,0.018006408542249,0.014705851550326544
FQCLOEXA,ROACSLMG,8102,8505,3,0.4003134430616796,0.0115630303540744,0.014137455040087949
FQCLOEXA,WHPUAOID,8102,5512,5,0.4628447073093176,0.0039195235318178,0.02591281829935885
FQCLOEXA,XMKRPGLB,8102,2529,12,0.5785212771759293,0.0008114183068271,0.027147181387712153
FRHNWLNI,DBWLZWNK,2846,5602,2,-0.4081698899389475,0.0089330260223904,0.016103602416913783
FRHNWLNI,DDEXPPXU,2846,2807,4,0.4214689361767891,0.008404937912603,0.04934074625643948
FRHNWLNI,DEWLVASR,2846,3038,7,0.6058791862218836,0.0001147652727529,0.030502038355333255
FRHNWLNI,FDXPMYGF,2846,7907,8,-0.4034101617891316,0.0179906619200428,0.011278841306401105
FRHNWLNI,FTSVTTSR,2846,2529,12,-0.475715867913891,0.007883248724829,0.0025162697997411863
FRHNWLNI,JPBRUTWP,2846,3904,7,-0.4259912266591407,0.0107248392540714,0.0029078221912058745
FRHNWLNI,NAQIHUKZ,2846,3813,10,0.4816313777808215,0.00525420147339,0.017046159425312898
FRHNWLNI,NZKBIBNU,2846,5609,8,-0.4438481689899668,0.0085521632794463,0.04804594161855312
FRHNWLNI,PYZMVUWD,2846,3824,10,-0.4953677621057116,0.0039420693349951,0.012296332414593549
FRHNWLNI,RCBZUSIM,2846,2805,7,0.6719903992715559,9.85176618844784e-06,0.016115866494764097
FRHNWLNI,SUOYXCHP,2846,2805,12,-0.440030466917559,0.0149602597152416,0.02564521223101585
FRHNWLNI,UXSPKBJR,2846,3206,4,-0.4927750625921069,0.0016717436156279,0.023794305738051923
FRHNWLNI,XIFHSOWQ,2846,8708,3,0.5190047874616599,0.0007109399827402,0.024383252877755418
FTSVTTSR,DEWLVASR,2529,3038,12,0.5026271913497512,0.0046446336311823,1.4875514620301364e-06
FTSVTTSR,FDXPMYGF,2529,7907,1,0.5680576601903421,0.0001070474586765,0.011233631329169392
FTSVTTSR,FRHNWLNI,2529,2846,5,0.6611113131409088,8.422985889486087e-06,0.004758959805964911
FTSVTTSR,HCDTGMST,2529,6006,12,-0.4170086724865413,0.021873168613148,0.02252617227863508
FTSVTTSR,KEUWZRKO,2529,8102,11,0.427280017883133,0.0165090605970994,0.004307895874078037
FTSVTTSR,MBSBZBXA,2529,2846,8,0.4937750233536417,0.0029998051969722,0.03709285010195987
FTSVTTSR,PLMZALFA,2529,3024,10,-0.6173531848244057,0.0001672587726083,4.289533113255183e-06
FTSVTTSR,QJQJSWFU,2529,3307,11,0.4113499698829521,0.0215039542852321,0.0038090149108995605
FTSVTTSR,RUVXNNVA,2529,2612,3,-0.4388890825442998,0.0051889731195456,0.04679930348614685
FTSVTTSR,SAAYMURU,2529,3215,2,0.5149698823100523,0.0006736576122243,0.01895173660397397
FTSVTTSR,TANNMIMB,2529,4302,2,-0.4969683491058864,0.001105748747578,0.004763514547056879
FTSVTTSR,WHPUAOID,2529,5512,9,0.6558645671179184,3.42056671221427e-05,0.014483092179241715
FTSVTTSR,XIFHSOWQ,2529,8708,8,0.4118789504004686,0.0155058780721802,0.001817386960547873
FWUCPMMW,AXULOHBQ,2701,5515,1,-0.442606665721975,0.0037585397392493,0.003568843868798324
FWUCPMMW,DDEXPPXU,2701,2807,7,-0.4295815022294933,0.0100127801346391,0.012957450776965153
FWUCPMMW,FRHNWLNI,2701,2846,8,-0.404592697567156,0.0176249555431535,0.010149891864766688
FWUCPMMW,LLHREMKS,2701,2807,6,0.4819663062457426,0.0029157420590355,0.0016545359641574348
FWUCPMMW,NAQIHUKZ,2701,3813,7,-0.5230863852695247,0.0012634910159202,1.510208489530944e-05
FWUCPMMW,NZKBIBNU,2701,5609,8,0.4543077552864562,0.0069532782611657,0.02280740279988065
FWUCPMMW,XIIEJNEE,2701,3815,4,0.4420444892523894,0.0054584113457715,0.025669634174831143
GIKPEWTY,APQGTRMF,7142,8105,1,-0.5381746741104092,0.0002841784622424,0.0007447282066023463
GIKPEWTY,DUCMGGNW,7142,3806,6,-0.576828507799333,0.0002309161077793,0.030188902556551857
GIKPEWTY,ELQGMQWE,7142,2002,2,-0.4309246516652474,0.0055045182809452,0.040862362308512284
GIKPEWTY,FTSVTTSR,7142,2529,5,-0.5209851416032258,0.0009460546793583,0.004799412748386529
GIKPEWTY,KAGJCHMR,7142,8467,11,0.4042827886386788,0.0240879468987978,0.03561150235932902
GIKPEWTY,LRVGFDFM,7142,3102,7,-0.5338572268340205,0.0009569844833688,0.014247144194358024
GIKPEWTY,LUENUFGA,7142,2833,3,-0.4967684733887571,0.0012959513167028,0.049232618951021136
GIKPEWTY,OGAFEHLU,7142,7202,12,0.4302277066345812,0.0176404753821365,0.026369154177277844
GIKPEWTY,PYZMVUWD,7142,3824,3,-0.4046384092770517,0.0106166733351819,0.004662579619810457
GIKPEWTY,RCBZUSIM,7142,2805,4,-0.5313840437458066,0.0005972148650495,0.02581105523218608
GIKPEWTY,SAHWCZNH,7142,2825,7,-0.4593226113807489,0.0055084795157804,0.04434795240795664
GIKPEWTY,SUOYXCHP,7142,2805,2,0.4335566890279376,0.0051936689719554,0.03685435560158975
GIKPEWTY,UQYUIVVR,7142,8501,9,-0.6805704222312232,1.3125444381406171e-05,0.00017881247700192145
GIKPEWTY,VUAFAIYJ,7142,6101,5,-0.4626995600076954,0.0039322794713607,0.004079493431523995
GIKPEWTY,ZCELVYQU,7142,8461,10,-0.4936183645680682,0.0040916516640276,0.0021081077011669714
GKQIJYDH,ANWUJOKX,8501,4403,1,0.4012776798661427,0.0093150113459327,0.04711283524665651
GKQIJYDH,APQGTRMF,8501,8105,3,0.4416568936109336,0.0048816084350992,0.049534741563728835
GKQIJYDH,BJALXPFS,8501,2847,3,-0.5806315166161815,0.000106573223367,0.033871750806179456
GKQIJYDH,BLANHGYY,8501,9022,10,0.5163398768890377,0.002483816900291,0.03300271757931315
GKQIJYDH,BTMOEMEP,8501,3102,6,-0.4549271241010701,0.0053089264898783,0.044166797559532234
GKQIJYDH,FITUEHWN,8501,8714,10,0.4133154885697841,0.018709350411108,0.0026737375735330056
GKQIJYDH,KEUWZRKO,8501,8102,2,0.4646688842731641,0.0025216801241608,0.007735076348479941
GKQIJYDH,QJQJSWFU,8501,3307,11,-0.4594181788107765,0.0093228307622257,0.027921495174465835
GKQIJYDH,RAWUKQMJ,8501,2916,3,-0.4007632761630543,0.0114613712718253,0.02463883554889365
GKQIJYDH,TANNMIMB,8501,4302,12,-0.5466436188275572,0.0017747278559608,0.028970798997072993
GYHKIVQT,DUCMGGNW,8505,3806,12,-0.4151841061502928,0.0225180075373359,0.03375779778408847
GYHKIVQT,JBVHSUWY,8505,1210,8,-0.4651093544962881,0.0055775065753318,0.03982528685055321
GYHKIVQT,NAQIHUKZ,8505,3813,11,0.508485713007923,0.0034914108329474,0.022749292544724613
GYHKIVQT,QRKRBYJL,8505,2841,2,-0.4949687227911036,0.0011663945331646,0.024659163638667755
GYHKIVQT,RUVXNNVA,8505,2612,7,0.4108650892005629,0.0142146579445324,0.0012060147203429696
GYHKIVQT,SUOYXCHP,8505,2805,11,-0.4343393087776074,0.014627019771135,0.01214468470341537
GYHKIVQT,UGEQLMXM,8505,8714,7,-0.4994196337786599,0.0022554683005486,0.03099938518314669
GYHKIVQT,ZCELVYQU,8505,8461,3,-0.4136164860103452,0.0088611480775229,0.04955843247883472
HCDTGMST,DEWLVASR,6006,3038,1,-0.4232543648549889,0.0058288496031048,0.0009894406183827834
HCDTGMST,FITUEHWN,6006,8714,5,-0.5188302534508575,0.0010017962583643,0.039620042546611785
HCDTGMST,RAWUKQMJ,6006,2916,12,0.4417885038174333,0.0145174433891706,0.0013969628590895693
HCDTGMST,STZDBITS,6006,3815,11,0.4308243736662833,0.015540406249812,0.03374228378021028
HCDTGMST,VBYCLTYZ,6006,8505,7,-0.4911566472929688,0.0027350715463239,0.036458323455180124
HCDTGMST,ZCELVYQU,6006,8461,1,-0.4246377039570764,0.0056535314966207,0.018505918027272188
HXYSSRXE,FTSVTTSR,2836,2529,8,-0.4082084641630182,0.0165450165549508,0.0462906363074936
HXYSSRXE,JPBRUTWP,2836,3904,3,-0.6032358125202086,4.80823137088182e-05,0.03383919181221479
HXYSSRXE,KAGJCHMR,2836,8467,5,0.5483406283034158,0.0004420971531442,3.91176661725351e-06
HXYSSRXE,KJNSOAHR,2836,8479,2,0.4024398391639869,0.0100407912447177,0.01795594807146963
HXYSSRXE,LUENUFGA,2836,2833,8,-0.4180833272971838,0.0138737643340295,0.03366749971939771
HXYSSRXE,WPQXWHYO,2836,2811,2,0.6166161238872944,2.2672758994187913e-05,0.037471998615120766
HXYSSRXE,YSYHGLQK,2836,2807,5,0.4979248574475867,0.001712861889401,0.04212184411406679
IGDVVKUD,DNMPSKTB,3824,2811,4,0.4068995177108893,0.0112359641103525,0.016788611559650873
IGDVVKUD,EVBVXETX,3824,3404,11,-0.4887652874580144,0.0052704893263242,0.014019454456681683
IGDVVKUD,HCDTGMST,3824,6006,7,-0.4403863804099138,0.0081070371557301,0.020622100815718022
IGDVVKUD,JPBRUTWP,3824,3904,11,-0.4276630297795911,0.0164020245858938,0.02724665190358283
IGDVVKUD,LSOIUSXD,3824,5111,1,-0.4535651700446358,0.0028984558727209,0.015417357800993504
IGDVVKUD,LTOYKIML,3824,3909,11,0.5166368210720783,0.0029238580448796,0.017959222068145663
IGDVVKUD,QSDCUCLB,3824,2710,12,-0.4001808602083364,0.028434693028154,0.04258551240563348
IGDVVKUD,ROACSLMG,3824,8505,5,0.4204503561443314,0.0095682309526827,0.011508682763720197
IGDVVKUD,SDWAYPIK,3824,7207,6,-0.4809577001144726,0.0029842517581577,0.027771951942492178
IGDVVKUD,TANNMIMB,3824,4302,12,-0.5484409489001453,0.001701587503735,0.005809239412571869
JBVHSUWY,BUZIIBYG,1210,9403,8,0.6451089403335214,3.8065359991850134e-05,0.01475044551379326
JBVHSUWY,JSLXRQOK,1210,5119,2,-0.4795030364320766,0.0017440298529237,0.008314844205798108
JBVHSUWY,LSOIUSXD,1210,5111,4,-0.5048953424725993,0.0012258534505596,0.048637635336080114
JBVHSUWY,LTOYKIML,1210,3909,4,-0.4869996363023733,0.0019304681145101,0.015296991426041177
JBVHSUWY,STZDBITS,1210,3815,10,-0.5262418264538786,0.0019766254298325,0.03395923404451614
JBVHSUWY,VUAFAIYJ,1210,6101,1,0.4746840812347161,0.001714047979405,0.009651202448326896
JERHKLYW,AHMDUILJ,4601,2102,10,0.4544923797313122,0.0089691325570403,0.007237668921638601
JERHKLYW,DDEXPPXU,4601,2807,10,0.4318068725288274,0.0135936094581329,0.01945769388642067
JERHKLYW,DEWLVASR,4601,3038,10,-0.4965918910594934,0.0038402223602186,0.028039926186963125
JERHKLYW,IGDVVKUD,4601,3824,8,-0.5598978238068364,0.0005749419854795,0.01186359820133285
JERHKLYW,MIRCVAMV,4601,4408,12,0.5180554063351608,0.0033632576528348,0.01638066326454574
JERHKLYW,QSDCUCLB,4601,2710,9,-0.509009424700995,0.0024855302905203,0.013896564860032767
JERHKLYW,SUOYXCHP,4601,2805,6,0.5036195195776964,0.0017407099831827,0.001287523027520522
JERHKLYW,WPQXWHYO,4601,2811,6,-0.5088816231098905,0.0015277447991575,0.041823319373431915
JERHKLYW,YSYHGLQK,4601,2807,1,-0.4005059592619296,0.0094644571548553,0.0056331464120047674
JPBRUTWP,EVBVXETX,3904,3404,4,-0.5148313340351374,0.0009424148579532,0.030863184788747996
JPBRUTWP,FTSVTTSR,3904,2529,5,0.410519479116754,0.0116114504462699,0.004089234023030309
JPBRUTWP,JERHKLYW,3904,4601,5,0.4412965235540291,0.006255438306314,0.006430302935385178
JPBRUTWP,KAGJCHMR,3904,8467,10,0.4346059427729756,0.01293262397265,0.010136372601371641
JPBRUTWP,KEUWZRKO,3904,8102,5,0.4180168718417932,0.0100381666889034,0.022088840970140248
JPBRUTWP,ROACSLMG,3904,8505,11,-0.5410181888328326,0.0016744022790466,0.017506229024687295
JPBRUTWP,TGOELCAG,3904,7207,8,-0.4673723551768981,0.0053210043616611,0.007937019749499629
JPBRUTWP,UIFPPCLR,3904,8102,11,-0.4296895964856494,0.0158452426067762,0.04761721120921825
JPBRUTWP,UQYUIVVR,3904,8501,3,-0.5233743345435278,0.0006287530932276,0.021651088128069013
JPBRUTWP,VUAFAIYJ,3904,6101,3,0.5554405476108906,0.0002421198211156,0.03558037565591179
JPBRUTWP,WBLJNPZQ,3904,5309,7,0.516198001909198,0.0015020662548715,0.03014995647790602
JPBRUTWP,WPQXWHYO,3904,2811,12,0.472639667700889,0.0083528675863182,4.664741086000422e-06
JPBRUTWP,XIFHSOWQ,3904,8708,2,0.4074721743203063,0.0090620478926859,0.010155329720491284
JSLXRQOK,DBWLZWNK,5119,5602,6,-0.4644351778281743,0.0043236115956716,0.023697818684982344
JSLXRQOK,GKQIJYDH,5119,8501,5,-0.4005657343110566,0.0140193499700093,0.020034193047954153
JSLXRQOK,JERHKLYW,5119,4601,10,-0.4831089654516924,0.0050971258147259,0.023009044085123494
JSLXRQOK,QJQJSWFU,5119,3307,8,0.5689192181271663,0.0004465248866811,0.00706574591437003
JSLXRQOK,QVLMOEYE,5119,4202,6,-0.4112115350446202,0.0127199389912666,0.015926619702905792
JSLXRQOK,WQMVCOEM,5119,2805,12,-0.4174470663167176,0.0217205149914994,0.03543814647892121
JSLXRQOK,XUOIQPFL,5119,5205,12,-0.4002655944367694,0.028398038204702,0.009680209909857867
KAGJCHMR,ANWUJOKX,8467,4403,7,0.4786616102917713,0.0036285793133764,0.026668477512245804
KAGJCHMR,BSRMSVTC,8467,2805,11,-0.5379763679225729,0.0017990943402362,0.03462453117857559
KAGJCHMR,DEWLVASR,8467,3038,7,-0.4164809163896226,0.0128214855579764,0.001379016894435748
KAGJCHMR,DUCMGGNW,8467,3806,1,0.5065730041849492,0.0007259828266754,0.029144338637673184
KAGJCHMR,HCDTGMST,8467,6006,5,-0.5207188787936589,0.000952790148699,0.005045308059254246
KAGJCHMR,HXYSSRXE,8467,2836,11,-0.4873339231676439,0.0054253946876866,0.0037925219832715693
KAGJCHMR,IGDVVKUD,8467,3824,3,-0.4632795473795327,0.0029768999818489,0.02041289698062142
KAGJCHMR,KEUWZRKO,8467,8102,6,-0.4003981787866926,0.0155286786568155,0.034066381097988124
KAGJCHMR,LLHREMKS,8467,2807,5,0.41288816418881,0.0110932415024829,0.03791908049727225
KAGJCHMR,LPHPPJUG,8467,3824,9,0.4215067251169569,0.014563429611375,0.032483526583532735
KAGJCHMR,LUENUFGA,8467,2833,12,0.4560990707780458,0.011302851965639,0.03367324773155927
KAGJCHMR,PLMZALFA,8467,3024,11,-0.4402567809989568,0.0131906145285027,0.04616955323738076
KAGJCHMR,SAAYMURU,8467,3215,10,-0.4853234399690189,0.0048692576713765,0.03303495920448191
KAGJCHMR,VMAQSTJE,8467,8527,12,0.4165851682666763,0.0220214739544179,0.007340054790593957
KAGJCHMR,XIFHSOWQ,8467,8708,9,0.4688757753925796,0.0059164584072709,0.010925357050343764
KAGJCHMR,ZCELVYQU,8467,8461,6,0.4051616197106842,0.0142330932362136,0.04713318947549643
KAGJCHMR,ZKENOUDA,8467,2805,8,0.4083651506563476,0.0164994978645794,0.046099968603526144
KEUWZRKO,ATLDMDBO,8102,2814,12,0.4241294866343546,0.0195000212319282,0.02376397583562755
KEUWZRKO,BJALXPFS,8102,2847,1,-0.4375167116219747,0.0042286563103991,0.0002576333388196253
KEUWZRKO,BUZIIBYG,8102,9403,1,-0.4533671029369617,0.0029123205015364,0.013728202636619452
KEUWZRKO,DEWLVASR,8102,3038,6,0.7400097539813504,2.5000059672909005e-07,0.0013033964196821814
KEUWZRKO,FITUEHWN,8102,8714,6,-0.4291379917831083,0.0090094651432729,0.032866712336815665
KEUWZRKO,HXYSSRXE,8102,2836,5,0.4047909016573584,0.0129502337546518,0.0136311567554375
KEUWZRKO,IGDVVKUD,8102,3824,12,0.4769494712220803,0.0077013039291556,0.008581082777512877
KEUWZRKO,RJGPVEXX,8102,2811,4,-0.415048082319298,0.0095666507930068,0.004946364749927286
KEUWZRKO,TGOELCAG,8102,7207,4,0.4718800641041705,0.0027812819860348,0.0030390459909219554
KEUWZRKO,UGEQLMXM,8102,8714,8,0.4575789806928289,0.0065089452599696,0.03889247771080706
KEUWZRKO,UXSPKBJR,8102,3206,4,0.5089175710714517,0.0011031257203164,5.1314002252108206e-05
KEUWZRKO,VMAQSTJE,8102,8527,7,0.4736370732453253,0.0040535672709509,0.019984614435400283
KJNSOAHR,ANWUJOKX,8479,4403,10,0.5379781564119644,0.0014942466066711,0.04278353003022095
KJNSOAHR,DNMPSKTB,8479,2811,5,0.4618446692782264,0.0040081432755184,0.020252185281661218
KJNSOAHR,FRHNWLNI,8479,2846,11,-0.5416452966248347,0.0016496525453665,0.04669854991537579
KJNSOAHR,FTSVTTSR,8479,2529,6,-0.44798465125508,0.0061454560767238,0.004446430677015948
KJNSOAHR,OGAFEHLU,8479,7202,2,-0.4126733537743682,0.0081375184986269,0.0309210189174321
KJNSOAHR,RCBZUSIM,8479,2805,4,-0.4270502300229016,0.0074953991911279,0.044270492911379425
KJNSOAHR,ROACSLMG,8479,8505,10,0.4457927913493453,0.0105536667023751,0.03320873858205267
KJNSOAHR,SAAYMURU,8479,3215,3,-0.4164215706222828,0.0083663722371902,0.021708305221203573
LLHREMKS,FQCLOEXA,2807,8102,7,-0.4244992880482742,0.0110331120615274,0.019996748306706086
LLHREMKS,FWUCPMMW,2807,2701,1,-0.4443997655891015,0.0036041561372385,0.007147418425612466
LLHREMKS,IGDVVKUD,2807,3824,8,-0.4079126999811071,0.0166312245501057,0.011031052922490184
LLHREMKS,JERHKLYW,2807,4601,12,0.5114782800128093,0.0038664588634804,0.008075232053589877
LLHREMKS,MIRCVAMV,2807,4408,9,0.5251011641410802,0.0017031924635442,0.04037650359720803
LLHREMKS,PYZMVUWD,2807,3824,12,0.4201875931114592,0.0207859645636087,0.01158230572873642
LLHREMKS,RJGPVEXX,2807,2811,11,-0.4631393592962354,0.00869558486,0.034894387961543115
LLHREMKS,RUVXNNVA,2807,2612,11,0.4563837508385979,0.0098622105347728,5.0977164199883125e-05
LLHREMKS,VBYCLTYZ,2807,8505,7,0.4034185133977775,0.0162564727318163,0.02036617301809408
LLHREMKS,VUAFAIYJ,2807,6101,3,-0.4151574465380057,0.0085863326414077,0.02464367522920991
LLHREMKS,XIIEJNEE,2807,3815,2,-0.4246001356182203,0.0063180888311901,0.0013810247024759104
LPHPPJUG,ANWUJOKX,3824,4403,12,0.4170173107396123,0.0218701521820542,0.01834122360714132
LPHPPJUG,DDEXPPXU,3824,2807,12,0.4783487405371044,0.0074992401805897,0.014714575312542598
LPHPPJUG,GKQIJYDH,3824,8501,9,0.56699057964232,0.0005806762654248,0.04111002830518231
LPHPPJUG,JSLXRQOK,3824,5119,4,-0.5301051628134201,0.0006191543423485,0.009460401336789003
LPHPPJUG,NZKBIBNU,3824,5609,12,0.4616381009082266,0.0102305411151675,0.022211332159195248
LPHPPJUG,VMAQSTJE,3824,8527,6,0.5437179637557333,0.0006095769209351,0.02617152199320602
LPHPPJUG,XMKRPGLB,3824,2529,11,0.4226532480841272,0.0178485856494401,0.045629646957671924
LRVGFDFM,ATLDMDBO,3102,2814,8,0.4536434337349655,0.0070466123908392,0.04214168211829396
LRVGFDFM,BSRMSVTC,3102,2805,8,0.4333281430023903,0.010465677785702,0.007412737302939284
LRVGFDFM,BTMOEMEP,3102,3102,11,0.4312716456558356,0.0154216050608292,0.03794351856147403
LRVGFDFM,DBWLZWNK,3102,5602,1,-0.4490699885726332,0.0032277741517457,0.013519109181450899
LRVGFDFM,LTOYKIML,3102,3909,9,0.6128198284541815,0.0001499361206411,0.00039754103603632486
LRVGFDFM,PYZMVUWD,3102,3824,11,0.4363237460707239,0.0141314411211747,0.025164033812138307
LRVGFDFM,QVLMOEYE,3102,4202,8,0.4481500182573951,0.0078602845965081,0.004245511930821378
LRVGFDFM,RCBZUSIM,3102,2805,10,0.4512166824990147,0.0095403141121554,0.010460613448080908
LRVGFDFM,SDWAYPIK,3102,7207,12,0.5028826102472712,0.0046204312427498,0.0462848970896122
LRVGFDFM,VWMBASNE,3102,2811,11,-0.4084073616034003,0.022550625198792,0.031139769043793626
LRVGFDFM,WQMVCOEM,3102,2805,7,-0.429822285910538,0.0099664973230806,0.013224649564535241
LRVGFDFM,XIPPENFQ,3102,2501,12,0.4270266043390837,0.0185973791842086,0.021019271806355284
LSOIUSXD,BSRMSVTC,5111,2805,2,-0.4024499799867976,0.010038731583087,0.009752007501768844
LSOIUSXD,HCDTGMST,5111,6006,11,0.4401441790835426,0.0132168018202277,0.020801165062116322
LSOIUSXD,LRVGFDFM,5111,3102,9,0.5577259739742175,0.0007457747005097,0.015707135354670037
LSOIUSXD,OJIFIHMZ,5111,3815,3,-0.4130722955291022,0.0089599818984784,0.02338421146704818
LSOIUSXD,QSDCUCLB,5111,2710,12,-0.4533602205209182,0.0118669547312053,0.01171484501947502
LSOIUSXD,UGEQLMXM,5111,8714,11,0.511837941364769,0.0032474529330085,0.0038533953622114617
LSOIUSXD,VUAFAIYJ,5111,6101,9,-0.4637621333334526,0.00656042268078,0.006046591257553308
LSOIUSXD,WHPUAOID,5111,5512,5,0.4361851343468121,0.0069592299426871,0.006270209928690098
LSOIUSXD,ZGJXVMNI,5111,3006,12,0.4713597394316083,0.0085551128167703,0.010470295128867024
LSOIUSXD,ZKENOUDA,5111,2805,12,0.7125033979180854,1.0006506214005449e-05,0.02713187067846271
LTOYKIML,AHMDUILJ,3909,2102,4,0.4255644322037325,0.0077288614415669,0.04098966509621956
LTOYKIML,BJALXPFS,3909,2847,8,0.4375838577240321,0.0096519526181476,0.004403856527641427
LTOYKIML,BUZIIBYG,3909,9403,1,-0.4279652817383783,0.0052504091658088,0.007947950195817781
LTOYKIML,FTSVTTSR,3909,2529,8,-0.4436756493572724,0.0085809575380021,0.0025054761414583663
LTOYKIML,JBVHSUWY,3909,1210,10,-0.4376568161974365,0.0122431060728535,0.03462184096449437
LTOYKIML,MIRCVAMV,3909,4408,9,-0.4089618902344502,0.0181221491159158,0.014288311788547071
LTOYKIML,NZKBIBNU,3909,5609,11,0.4161799690821542,0.019872926083257,0.0040978912392036215
LTOYKIML,OXKURKXR,3909,5402,3,-0.5587236361232075,0.0002183714049311,0.004204329339514289
LTOYKIML,QKXNTIIB,3909,8501,9,-0.4766680350500698,0.005039449734936,0.004064447552559937
LTOYKIML,QRKRBYJL,3909,2841,11,0.555318995851855,0.0011836369648966,0.040033934970119076
LTOYKIML,QVLMOEYE,3909,4202,9,-0.4997549964867039,0.0030640086663656,0.0014526270606052048
LTOYKIML,UIFPPCLR,3909,8102,5,0.6074177269021426,6.70053297962401e-05,0.011729590132863161
LTOYKIML,VWMBASNE,3909,2811,4,-0.5005247273360092,0.0013727514146935,0.024313055896145477
LUENUFGA,BTMOEMEP,2833,3102,12,-0.55362794247558,0.0015049899770926,0.01780241633985524
LUENUFGA,DEWLVASR,2833,3038,5,0.4072106837912286,0.0123696047763269,0.008158982720783019
LUENUFGA,DNMPSKTB,2833,2811,6,-0.4749996040245009,0.0034182689518405,0.018908635962823016
LUENUFGA,KAGJCHMR,2833,8467,8,-0.5311921035922519,0.001227406645292,0.03388807137723504
LUENUFGA,QVLMOEYE,2833,4202,9,-0.4029025021034453,0.0200843949030321,0.032721019686710005
LUENUFGA,XMKRPGLB,2833,2529,1,-0.5530280129824727,0.0001769513543896,0.02302666055221192
MBSBZBXA,ANWUJOKX,2846,4403,12,0.4248412654614525,0.0192749731882049,0.041015237324544145
MBSBZBXA,DEWLVASR,2846,3038,12,-0.4399220284569095,0.0149879373345055,0.03265905161505808
MBSBZBXA,DNMPSKTB,2846,2811,11,-0.4395517967642997,0.0133552870255487,0.02331244200657941
MBSBZBXA,FRHNWLNI,2846,2846,8,0.4532172952771571,0.0071070448311221,0.004253440009669997
MBSBZBXA,FTSVTTSR,2846,2529,4,-0.4638097815321186,0.0033574983398912,0.00975846275632816
MBSBZBXA,GIKPEWTY,2846,7142,11,-0.6134867724899082,0.000242564576775,0.03943822973385493
MBSBZBXA,HCDTGMST,2846,6006,12,0.4780173927273711,0.0075466785626729,0.02310929311105509
MBSBZBXA,NAQIHUKZ,2846,3813,7,0.4701032352707924,0.0043776666197613,0.0103260807932752
MBSBZBXA,OJIFIHMZ,2846,3815,11,-0.6407992887478934,0.000102962220245,0.004979711858097982
MBSBZBXA,QSDCUCLB,2846,2710,11,-0.4616692980858382,0.0089389748176729,0.014942770795217764
MBSBZBXA,UQYUIVVR,2846,8501,8,-0.4107544207236658,0.0158182633226208,0.013397282100110257
MBSBZBXA,UXSPKBJR,2846,3206,10,-0.5135218495835479,0.0026473567950984,0.012192726413409946
MBSBZBXA,WQMVCOEM,2846,2805,3,-0.4146100673512319,0.0086831041474342,0.0400709884694302
MBSBZBXA,ZCELVYQU,2846,8461,10,0.4027359179024863,0.0222938087383028,0.03716183121421088
MBSBZBXA,ZGJXVMNI,2846,3006,7,-0.5056525327691367,0.0019439779133562,0.001491453820154083
MBSBZBXA,ZKENOUDA,2846,2805,6,0.4058408941224015,0.0140559810979011,2.508071415404961e-05
MIRCVAMV,BSRMSVTC,4408,2805,5,0.4340237389331347,0.0072766838430238,0.002870990526654763
MIRCVAMV,FITUEHWN,4408,8714,10,0.4328572678577333,0.0133423216031713,0.011212127706061212
MIRCVAMV,GYHKIVQT,4408,8505,3,0.4181140614644278,0.0080794511019662,0.008964175723495765
MIRCVAMV,HCDTGMST,4408,6006,9,-0.4372228553677313,0.0109489256452807,0.007251669585292569
MIRCVAMV,QSDCUCLB,4408,2710,12,-0.4854353562313858,0.006543472247349,0.03361519595056656
MIRCVAMV,VUAFAIYJ,4408,6101,7,0.4206833164422183,0.0118559211971318,0.04299389280986535
MIRCVAMV,WBLJNPZQ,4408,5309,11,0.4293174331688795,0.0159462947528891,0.005163844061489983
MIRCVAMV,ZGJXVMNI,4408,3006,1,-0.4889043399377937,0.0011805279222533,0.03966235798370825
NAQIHUKZ,BSRMSVTC,3813,2805,11,0.446150929992233,0.0118791770553433,0.003592624933322735
NAQIHUKZ,LLHREMKS,3813,2807,5,-0.4082716730253271,0.0121220596523435,0.026383577999573738
NAQIHUKZ,RJGPVEXX,3813,2811,6,0.5438799631242928,0.0006068356471454,0.0293387816639324
NAQIHUKZ,SDWAYPIK,3813,7207,7,-0.4333972823595269,0.0093004008759264,0.022583738657365335
NAQIHUKZ,TGOELCAG,3813,7207,10,0.4780020246033424,0.0056577268208559,0.029849326650360112
NAQIHUKZ,VMAQSTJE,3813,8527,1,0.475465090169883,0.0016799903966352,0.02222453372992492
NZKBIBNU,DBWLZWNK,5609,5602,7,0.4138686003758389,0.0134545053354425,0.008100392939557827
NZKBIBNU,GIKPEWTY,5609,7142,9,-0.4436015233740618,0.0097154155096156,0.0030286193808584465
NZKBIBNU,JERHKLYW,5609,4601,11,0.4002997861754395,0.0256531382813694,0.045965101564504764
NZKBIBNU,LPHPPJUG,5609,3824,9,0.4193470571910024,0.015130534657386,0.003982230368033672
NZKBIBNU,SAHWCZNH,5609,2825,5,0.5111864108017352,0.0012236829497996,0.04917044482925801
NZKBIBNU,ZCELVYQU,5609,8461,6,0.5690511789242464,0.000292752997918,0.02175431629726755
OGAFEHLU,BUZIIBYG,7202,9403,10,-0.4098833579343417,0.0198156196484027,0.04479686851234663
OGAFEHLU,DDEXPPXU,7202,2807,10,-0.5578062442722818,0.0009097211856506,0.027809899545685413
OGAFEHLU,HXYSSRXE,7202,2836,2,0.5342387538127737,0.0003841796439126,0.014142623807264653
OGAFEHLU,KJNSOAHR,7202,8479,5,-0.4700869775237042,0.0033269856780094,0.04856334208780519
OGAFEHLU,PLMZALFA,7202,3024,5,0.458959516318763,0.004273629589009,0.030505502939739682
OGAFEHLU,STZDBITS,7202,3815,6,-0.4843486946117074,0.0027593329912075,0.006246061517268453
OGAFEHLU,VWMBASNE,7202,2811,5,-0.4197886536684235,0.0096941185499789,0.0002681880188077887
OGAFEHLU,XIFHSOWQ,7202,8708,5,0.447720295061624,0.0054584977164053,0.02606756921720983
OGAFEHLU,ZCELVYQU,7202,8461,12,0.4282187195825992,0.0182361271357412,0.019845057812280853
OGAFEHLU,ZGJXVMNI,7202,3006,4,0.4489043579945803,0.0046989853809633,0.0470847578837359
OJIFIHMZ,AXULOHBQ,3815,5515,11,0.4074078533473639,0.0229155418669457,0.02362654611482486
OJIFIHMZ,BEZYMBBT,3815,3207,5,-0.6094212644782562,6.243579632936936e-05,0.013945849286668002
OJIFIHMZ,DJBLNPNC,3815,2805,5,0.4759143111120936,0.002908419283314,0.018101536989732225
OJIFIHMZ,IGDVVKUD,3815,3824,6,-0.4604655608094842,0.0047138352833715,0.01535839675395549
OJIFIHMZ,JBVHSUWY,3815,1210,3,-0.4939841501951768,0.0013932164304294,0.025376832123374174
OJIFIHMZ,KEUWZRKO,3815,8102,7,0.4425843962935609,0.0077598587777417,0.0036988732604392007
OJIFIHMZ,MBSBZBXA,3815,2846,2,0.4258677021726512,0.0061471876275032,0.019812204675650202
OJIFIHMZ,NAQIHUKZ,3815,3813,8,-0.4392869969819632,0.0093416860631968,0.011355674476201429
OJIFIHMZ,OXKURKXR,3815,5402,10,-0.5107314685183146,0.0028184069378694,0.00569084906429805
OJIFIHMZ,STZDBITS,3815,3815,12,-0.5845721474779398,0.0006930513875936,0.01706920921947892
OJIFIHMZ,TGOELCAG,3815,7207,10,-0.4208919110358171,0.0164478065219821,0.04260617451928001
OJIFIHMZ,UXSPKBJR,3815,3206,6,0.4325127271298784,0.0084259013227293,0.005889203814619441
OJIFIHMZ,XUOIQPFL,3815,5205,11,-0.4393929995436111,0.013392615781242,0.01069566979218178
OKMBFVKS,BSRMSVTC,5705,2805,12,0.5141260756103744,0.0036566142605749,0.03513258157271255
OKMBFVKS,DNMPSKTB,5705,2811,1,-0.4864297427486108,0.0012611251844194,0.03690587637328514
OKMBFVKS,FITUEHWN,5705,8714,10,0.6489902584764164,5.868323386725638e-05,0.0484220626947124
OKMBFVKS,QRKRBYJL,5705,2841,12,0.4482268168467273,0.0129878466859635,0.022541884239286367
OKMBFVKS,SAHWCZNH,5705,2825,5,0.5191473525411009,0.0009934155781175,0.010903402109751624
OKMBFVKS,UIFPPCLR,5705,8102,1,-0.5073480391085708,0.000710235310372,0.023264305582294507
OKMBFVKS,XMKRPGLB,5705,2529,4,0.4376370722609403,0.0060004123670976,0.01967869688093859
OXKURKXR,AANGBULD,5402,4810,11,-0.4309274845772796,0.0155129512704746,0.019029261288678816
OXKURKXR,APQGTRMF,5402,8105,9,0.5689762228800589,0.0005498256345881,0.04737256876442577
OXKURKXR,BEZYMBBT,5402,3207,8,-0.5216398404951604,0.001556974431472,0.007274501902343041
OXKURKXR,JSLXRQOK,5402,5119,2,0.4606321538706881,0.0027800664567312,0.026187126250265518
OXKURKXR,LTOYKIML,5402,3909,1,0.4900029652249127,0.0011462354282551,0.0169887583186535
OXKURKXR,OJIFIHMZ,5402,3815,3,0.5041737060863553,0.0010658576920446,0.035390922981361615
OXKURKXR,RUVXNNVA,5402,2612,7,-0.4832751089814836,0.0032729300995599,0.03222581572395377
OXKURKXR,SNHYOVBM,5402,3824,10,-0.6092438233411364,0.0002148931360658,0.010381014396268555
OXKURKXR,STZDBITS,5402,3815,2,0.5034103553717169,0.0009289425520797,0.03170226988736571
OXKURKXR,UIFPPCLR,5402,8102,3,0.4050495434122129,0.0105302517316549,0.005142354644886635
PLMZALFA,AANGBULD,3024,4810,3,-0.4408967553087813,0.0049644072670015,0.0014722783936512974
PLMZALFA,ANWUJOKX,3024,4403,10,-0.4068527928706844,0.0208369779949853,0.016369877359192212
PLMZALFA,FCYBOAXC,3024,3824,6,-0.5194623526342572,0.0011676741482678,0.019775428187080873
PLMZALFA,KAGJCHMR,3024,8467,9,0.4281673969833182,0.0129253270725052,0.03519624921233112
PLMZALFA,LTOYKIML,3024,3909,1,-0.5222246766306889,0.0004614683960771,0.031203481004844488
PLMZALFA,LUENUFGA,3024,2833,12,-0.5010203694943037,0.0047993894888368,0.0026375204598528094
PLMZALFA,OGAFEHLU,3024,7202,11,-0.4782117853020677,0.0065069463630003,0.016747035527794593
PLMZALFA,QVLMOEYE,3024,4202,11,-0.4795223184875373,0.0063411025035495,0.0011906373562233718
PLMZALFA,SDWAYPIK,3024,7207,1,0.4123488803684666,0.007383562996486,0.019496071291675986
PLMZALFA,TANNMIMB,3024,4302,2,0.4557395236558906,0.0031241105013976,0.0011184661007321358
PLMZALFA,UQYUIVVR,3024,8501,4,-0.5098855420579778,0.0010752662812769,0.005496364376517814
PYZMVUWD,LPHPPJUG,3824,3824,8,-0.4947462370200512,0.0029346814058924,0.0009174009089166826
PYZMVUWD,LUENUFGA,3824,2833,2,0.4623567208422788,0.0026669703302025,0.029431895083487723
PYZMVUWD,OXKURKXR,3824,5402,10,0.4905878968599082,0.0043623453049575,0.033445394176977616
PYZMVUWD,QSDCUCLB,3824,2710,1,-0.4828860085834703,0.0013850375084073,0.04668091786013045
PYZMVUWD,VWMBASNE,3824,2811,3,0.4103358051112391,0.0094713988564657,0.010505802582308639
PYZMVUWD,XIPPENFQ,3824,2501,9,0.5435507206079491,0.0010786785970602,0.007408981443730217
QJQJSWFU,AHMDUILJ,3307,2102,11,0.4384815769672203,0.0136085578971056,0.027392701723800903
QJQJSWFU,DDEXPPXU,3307,2807,11,0.5217213541045442,0.0026117639781477,0.03220066518170153
QJQJSWFU,GKQIJYDH,3307,8501,8,0.4705498034735748,0.0049780003281468,0.008155772698469971
QJQJSWFU,LLHREMKS,3307,2807,1,0.5002685472542682,0.0008661035503675,0.03734262702571955
QJQJSWFU,UXSPKBJR,3307,3206,8,0.4065303542924168,0.017039138374074,0.009171482178224593
QJQJSWFU,WHPUAOID,3307,5512,5,0.4995195584108657,0.0016461406809817,0.02619767276258577
QJQJSWFU,XIIEJNEE,3307,3815,5,0.4501559122972095,0.0051801162734316,0.0017500457033046196
QJQJSWFU,ZGJXVMNI,3307,3006,11,-0.5704508608049937,0.0008059968309028,0.01520504957553903
QKXNTIIB,APQGTRMF,8501,8105,2,-0.4064539276645346,0.0092532059672877,0.01835296822688283
QKXNTIIB,LTOYKIML,8501,3909,2,-0.4375004645094874,0.004756406076003,0.02356474900530212
QKXNTIIB,OXKURKXR,8501,5402,1,-0.4030539153717129,0.0089787041778363,0.0022036043432785714
QKXNTIIB,UIFPPCLR,8501,8102,9,0.4341896839167039,0.0115803549890552,0.009578790966674444
QRKRBYJL,RAWUKQMJ,2841,2916,7,-0.4117645136638521,0.0139833271249646,0.03667449648043833
QRKRBYJL,STZDBITS,2841,3815,10,0.4219367330204721,0.0161546059795108,0.015213043466783212
QRKRBYJL,WBLJNPZQ,2841,5309,9,0.4799833523342272,0.0047016529870224,0.012827053569680185
QRKRBYJL,XIPPENFQ,2841,2501,2,-0.4016321838477922,0.0102059948182763,0.033437254493651404
QSDCUCLB,BJALXPFS,2710,2847,11,-0.4001494952620994,0.025713790150083,0.044608290047749105
QSDCUCLB,DBWLZWNK,2710,5602,10,0.4695296804641898,0.0067041248869632,0.027865357705797775
QSDCUCLB,ELQGMQWE,2710,2002,8,-0.4414851040864596,0.0089538021487755,0.0244580454912286
QSDCUCLB,FTSVTTSR,2710,2529,3,-0.4092877459727504,0.0096737714385,0.04095394561453208
QSDCUCLB,HXYSSRXE,2710,2836,10,0.4175968451021768,0.0174016676469914,0.017549969458577414
QSDCUCLB,LPHPPJUG,2710,3824,12,0.5070500675568064,0.0042405111388146,0.009671198281704313
QSDCUCLB,OXKURKXR,2710,5402,12,0.4567908857626085,0.0111639774744872,0.024578498884547384
QSDCUCLB,RUVXNNVA,2710,2612,7,-0.4558563942979138,0.0059217663340026,0.007541917175975879
QSDCUCLB,XIFHSOWQ,2710,8708,11,-0.5371038632857865,0.0018363185480807,0.03306795969493676
QVLMOEYE,BJALXPFS,4202,2847,1,-0.4241612085966464,0.0057133973323812,0.03883051002138519
QVLMOEYE,FTSVTTSR,4202,2529,11,-0.4299009200572892,0.0157881003893406,0.009156672298398998
QVLMOEYE,GIKPEWTY,4202,7142,9,-0.4081524803215205,0.0183746451193902,0.04006205382280517
QVLMOEYE,LTOYKIML,4202,3909,1,0.4794531292896283,0.0015152355212912,0.017880543494702902
QVLMOEYE,LUENUFGA,4202,2833,4,-0.4447018231865342,0.0051525067987003,0.029727268907523717
QVLMOEYE,RCBZUSIM,4202,2805,2,0.408238025854262,0.0089205110986194,0.011289361076763243
QVLMOEYE,XIFHSOWQ,4202,8708,8,-0.4008650925136118,0.0187992339780712,0.042195919655053926
QVLMOEYE,ZKENOUDA,4202,2805,5,-0.5506706497590764,0.0004131002553507,0.043370294885569934
RAWUKQMJ,APQGTRMF,2916,8105,11,-0.4465559781131251,0.0117932266442779,0.004223618067970349
RAWUKQMJ,ATLDMDBO,2916,2814,12,0.4169428361714041,0.0218961695353908,0.042314849992453336
RAWUKQMJ,BEZYMBBT,2916,3207,10,0.4565260946188753,0.0086293004452644,0.012742913272526609
RAWUKQMJ,BJALXPFS,2916,2847,1,-0.5400823997501409,0.0002677323754564,0.03524505105715563
RAWUKQMJ,EVBVXETX,2916,3404,12,0.5038188253641269,0.0045326395456649,0.001201985281300504
RAWUKQMJ,LUENUFGA,2916,2833,12,0.6148177527216524,0.0003002275171779,0.003728697743474806
RAWUKQMJ,XIFHSOWQ,2916,8708,8,-0.4212757189022573,0.0130918745851887,0.008746348144021126
RAWUKQMJ,ZXERAXWP,2916,4802,3,-0.4449557135421147,0.0045359992038102,0.04702890953756487
RCBZUSIM,APQGTRMF,2805,8105,11,-0.501435062832619,0.0040564767509962,0.01437105119242282
RCBZUSIM,DJBLNPNC,2805,2805,12,-0.4765856115296053,0.0077545963332264,0.021552172295390793
RCBZUSIM,FRHNWLNI,2805,2846,11,0.440061386464375,0.013236084252158,0.027498432817772568
RCBZUSIM,FTSVTTSR,2805,2529,6,0.4976316937116947,0.0020143527469869,0.04440959297724517
RCBZUSIM,LTOYKIML,2805,3909,5,-0.4736953287767348,0.0030620467331143,0.02677295377159487
RCBZUSIM,QRKRBYJL,2805,2841,10,0.422846745322016,0.0159027985649863,0.016747513659633204
RCBZUSIM,QVLMOEYE,2805,4202,9,0.6728776416619993,1.7856505745345322e-05,0.03022926688171144
RCBZUSIM,SAAYMURU,2805,3215,7,-0.4089136744886621,0.0147276442091092,0.04358949876582635
RCBZUSIM,VMAQSTJE,2805,8527,5,-0.5999759944947021,8.674729450323917e-05,0.03568185766151151
RCBZUSIM,WHPUAOID,2805,5512,4,0.4921259024552082,0.001699213872618,0.03028615268760509
RCBZUSIM,ZGJXVMNI,2805,3006,10,-0.5106785550872679,0.0028217408511508,0.0057738885186811185
RJGPVEXX,BLANHGYY,2811,9022,6,-0.4652372471226524,0.0042482561633986,0.01963822414393697
RJGPVEXX,BUZIIBYG,2811,9403,3,-0.4235513077990536,0.0072140909131774,0.0017905058036059485
RJGPVEXX,DNMPSKTB,2811,2811,4,0.4922616867279546,0.0016934353031334,0.01486568340800295
RJGPVEXX,JPBRUTWP,2811,3904,9,0.5096572635952273,0.0024488545829067,0.0035581705424309966
RJGPVEXX,KAGJCHMR,2811,8467,1,-0.4341330616287354,0.0045688116427254,0.029698711228123627
RJGPVEXX,KEUWZRKO,2811,8102,1,-0.5009610342986055,0.0008496164005805,0.03210410336673266
RJGPVEXX,MIRCVAMV,2811,4408,12,0.4740045966831968,0.0081416572421371,0.046545917136371524
RJGPVEXX,ROACSLMG,2811,8505,7,0.4832376309355188,0.0032756925872858,0.006603232097110369
RJGPVEXX,WBLJNPZQ,2811,5309,4,0.4849370378715533,0.0020310480098632,0.013926280806068057
RJGPVEXX,WPQXWHYO,2811,2811,8,-0.5123972586202535,0.0019472030101874,0.0015866919570313221
RJGPVEXX,YSYHGLQK,2811,2807,1,-0.4404349764677298,0.0039532245168559,0.04570694370340292
ROACSLMG,ATLDMDBO,8505,2814,11,-0.5557646822049656,0.0011706188980172,0.018636331734575805
ROACSLMG,BLANHGYY,8505,9022,2,0.4474933605619028,0.0037886324154304,0.011368487186262781
ROACSLMG,BSRMSVTC,8505,2805,12,0.5810517090408013,0.000759921917138,0.0012552533442582408
ROACSLMG,FCYBOAXC,8505,3824,1,-0.5498786780318204,0.0001960126012058,0.0022189384765584747
ROACSLMG,FQCLOEXA,8505,8102,10,-0.6687432852253692,2.8664142650175498e-05,0.02431257748289051
ROACSLMG,HCDTGMST,8505,6006,5,-0.4377579120353724,0.00673577143205,0.038555103651664625
ROACSLMG,HXYSSRXE,8505,2836,10,0.5331535908353671,0.0016784055773398,0.0027088458658760975
ROACSLMG,JPBRUTWP,8505,3904,1,-0.5778432892368385,7.615242489295128e-05,0.026939294903685643
ROACSLMG,KEUWZRKO,8505,8102,10,0.4218648447850678,0.0161746388637785,0.022434106193309926
ROACSLMG,KJNSOAHR,8505,8479,3,-0.4440099763585536,0.004632839244413,0.04774953383183158
ROACSLMG,MIRCVAMV,8505,4408,12,0.4561445944108155,0.0112936692613869,0.008582443955657408
ROACSLMG,SAHWCZNH,8505,2825,5,0.5291774337741486,0.0007583704964588,0.04776198813318104
ROACSLMG,STZDBITS,8505,3815,4,-0.4035763168230901,0.0119845792589967,0.0036666134060397947
ROACSLMG,TGOELCAG,8505,7207,9,0.5898307168719804,0.0003033072423405,0.02177271965078674
ROACSLMG,UGEQLMXM,8505,8714,12,-0.5127294407612546,0.0037660481732077,0.032590966708403564
ROACSLMG,UIFPPCLR,8505,8102,1,-0.4278539889088808,0.0052634773454981,0.026382404134579672
ROACSLMG,VUAFAIYJ,8505,6101,4,-0.5203093372996082,0.0008124349560629,0.006996177591022484
ROACSLMG,WBLJNPZQ,8505,5309,8,-0.5074558222701598,0.0021889656756505,0.01367198538536561
RUVXNNVA,FITUEHWN,2612,8714,8,0.4581422697070816,0.0064349404898345,0.04459244256588476
RUVXNNVA,FTSVTTSR,2612,2529,9,-0.5813076219321054,0.000388659581886,0.021013086950576874
RUVXNNVA,LTOYKIML,2612,3909,8,-0.5932564148319954,0.0002174445732882,0.0058708259108412875
RUVXNNVA,OJIFIHMZ,2612,3815,6,0.429414924342955,0.0089603140236239,0.028577046691979427
RUVXNNVA,QSDCUCLB,2612,2710,11,0.5515402670870255,0.0012991929978141,0.006995781134794739
RUVXNNVA,SAHWCZNH,2612,2825,12,-0.8220399292385804,2.542214417292213e-08,0.037019453100016655
RUVXNNVA,SDWAYPIK,2612,7207,8,0.4176696405342815,0.013977899642438,0.027735090159436863
RUVXNNVA,STZDBITS,2612,3815,12,-0.5353455229354955,0.0023000810108453,0.033039854761971854
RUVXNNVA,UIFPPCLR,2612,8102,7,-0.4577807680179614,0.0056891473572632,0.020266749273171687
RUVXNNVA,VWMBASNE,2612,2811,5,-0.4091410616957079,0.0119223587975599,7.220071407155776e-06
RUVXNNVA,XUOIQPFL,2612,5205,11,-0.4628109611829154,0.008749463898291,0.04082474246573471
SAAYMURU,AANGBULD,3215,4810,4,-0.5939201122970543,8.461787861711216e-05,0.04134656899705092
SAAYMURU,ANWUJOKX,3215,4403,11,-0.6703364499347845,3.694685873429913e-05,0.026707294536012543
SAAYMURU,DNMPSKTB,3215,2811,10,0.5489675527419866,0.0011392424911033,0.0357239009209726
SAAYMURU,FTSVTTSR,3215,2529,3,0.499640808137263,0.0012019526257832,0.013133192814606065
SAAYMURU,KJNSOAHR,3215,8479,1,-0.5002624378044243,0.0008662502668257,0.005653906622123334
SAAYMURU,LPHPPJUG,3215,3824,4,-0.4434692668876891,0.0052924995691364,0.0040572481605017155
SAAYMURU,PYZMVUWD,3215,3824,5,-0.5304636928717762,0.0007321202021626,0.02732332980641472
SAAYMURU,QJQJSWFU,3215,3307,11,0.5239383678260622,0.0024849769828634,0.008629286648036569
SAAYMURU,ROACSLMG,3215,8505,2,-0.4160645294994479,0.0075793792037568,0.04989704601477444
SAAYMURU,RUVXNNVA,3215,2612,10,-0.4222778408297931,0.0160598321666915,0.013421271153449044
SAAYMURU,SNHYOVBM,3215,3824,1,-0.4213188891612358,0.0060820347433432,0.03270612515735335
SAAYMURU,VBYCLTYZ,3215,8505,3,0.4906625612649855,0.0015176443927858,0.04115161484970459
SAHWCZNH,APQGTRMF,2825,8105,5,0.5049552110463712,0.0014355684580881,0.002642270797720076
SAHWCZNH,AXULOHBQ,2825,5515,6,0.4092249985012529,0.0132010436674828,0.022380834608648304
SAHWCZNH,BSRMSVTC,2825,2805,7,0.5174089000824099,0.001457464768485,0.004091972175297002
SAHWCZNH,BUZIIBYG,2825,9403,7,0.5823219877403579,0.0002425853651509,0.005649922458241328
SAHWCZNH,DUCMGGNW,2825,3806,9,-0.4314101416863221,0.0121856750769395,0.027580332769784822
SAHWCZNH,EVBVXETX,2825,3404,9,0.6385524746331913,6.367108061662231e-05,0.03873442412604431
SAHWCZNH,GYHKIVQT,2825,8505,10,0.4476482446573853,0.0101972540639244,0.031044597803588155
SAHWCZNH,HCDTGMST,2825,6006,12,0.4937191915724218,0.0055593206930018,0.011491320470697957
SAHWCZNH,JPBRUTWP,2825,3904,8,-0.4577824413711671,0.0064821310365261,0.022339197023698444
SAHWCZNH,LSOIUSXD,2825,5111,11,0.4994349152132569,0.0042304174677295,0.021234656933334803
SAHWCZNH,NAQIHUKZ,2825,3813,9,-0.5927573859705678,0.0002781057400235,0.014665477714931114
SAHWCZNH,NZKBIBNU,2825,5609,7,0.4482212778776695,0.0069270119581634,4.357130292411979e-05
SAHWCZNH,OKMBFVKS,2825,5705,2,0.4286744886663731,0.0057829153987077,0.017480406596160025
SAHWCZNH,QRKRBYJL,2825,2841,7,0.5217377029099552,0.0013073852442467,0.041913529332589974
SAHWCZNH,RJGPVEXX,2825,2811,10,0.4372827493064601,0.0123259491237343,0.021803564891785664
SAHWCZNH,ROACSLMG,2825,8505,2,0.4287782023214183,0.0057698208820625,0.004683724077347959
SAHWCZNH,TGOELCAG,2825,7207,4,0.488302917907977,0.0018691961359,0.012296698931683265
SAHWCZNH,UIFPPCLR,2825,8102,1,0.495745347364859,0.0009809823582148,0.002790449689649691
SAHWCZNH,WBLJNPZQ,2825,5309,5,-0.4042961298201567,0.0130717500500031,0.04071070547808544
SAHWCZNH,XMKRPGLB,2825,2529,6,0.5128750098070524,0.0013817658057623,0.017395615950513275
SDWAYPIK,ATLDMDBO,7207,2814,9,0.4472444400278706,0.009065298257587,0.027402304862973844
SDWAYPIK,TGOELCAG,7207,7207,10,-0.4046781062288735,0.0215963969931659,0.03328450669044643
SDWAYPIK,UIFPPCLR,7207,8102,8,0.4060317220687274,0.0171883145105567,0.01677773808236202
SDWAYPIK,XUOIQPFL,7207,5205,6,0.4040152673280934,0.0145362524822881,0.0032598100926846396
SNHYOVBM,APQGTRMF,3824,8105,12,0.4441016195537192,0.0139514953348163,0.00018085072379818144
SNHYOVBM,DBWLZWNK,3824,5602,4,0.541882311830832,0.0004417089084123,0.022317996147179366
SNHYOVBM,GIKPEWTY,3824,7142,11,-0.4945788409896337,0.0046795766086445,0.03521571391665886
SNHYOVBM,IGDVVKUD,3824,3824,12,0.5404476456099498,0.0020481936661102,0.019800271643605094
SNHYOVBM,KJNSOAHR,3824,8479,6,-0.4089311956778109,0.0132734848174091,0.00032438982934949843
SNHYOVBM,MIRCVAMV,3824,4408,12,0.4668367536704291,0.0093032542511713,0.004163843309816478
SNHYOVBM,OXKURKXR,3824,5402,12,-0.5475908896742919,0.0017358467081405,0.0027576318483894056
SNHYOVBM,QJQJSWFU,3824,3307,8,-0.4803662853660081,0.0040357420609479,0.0033926412366999384
SNHYOVBM,XMKRPGLB,3824,2529,1,-0.4960618078139609,0.0009725251388719,0.03822001941335971
SNHYOVBM,YSYHGLQK,3824,2807,2,0.5136860564249541,0.0006985251154305,0.028593154799922943
SNHYOVBM,ZXERAXWP,3824,4802,6,0.5012278436856954,0.0018458246650704,0.04289947917423997
STZDBITS,APQGTRMF,3815,8105,5,0.4048393509449701,0.0129383861023947,0.02342341863788522
STZDBITS,ATLDMDBO,3815,2814,3,-0.4578082928176192,0.0033839248345564,0.029903197871264272
STZDBITS,AXULOHBQ,3815,5515,11,-0.4627112965224505,0.0087658712480159,0.04511376799838242
STZDBITS,BTMOEMEP,3815,3102,6,-0.4119383351231608,0.0125476628557089,0.01093892468886954
STZDBITS,CCLHWFWF,3815,6211,9,-0.4242454910491069,0.0138699694949144,0.007754051925400516
STZDBITS,DBWLZWNK,3815,5602,2,0.4094041461682079,0.0087086405670297,0.010442096420577342
STZDBITS,DJBLNPNC,3815,2805,6,0.4113802912511913,0.0126797609603824,0.011942178241903096
STZDBITS,JBVHSUWY,3815,1210,7,-0.4297563042398358,0.0099791620422883,0.0054581390131109185
STZDBITS,LSOIUSXD,3815,5111,12,-0.4675117122396547,0.0091882296386372,0.03259783855629272
STZDBITS,NAQIHUKZ,3815,3813,8,0.4046769559681501,0.0175991365805498,0.015483651800719563
STZDBITS,OJIFIHMZ,3815,3815,1,0.4978131929113004,0.0009268822854077,0.040103405201815934
STZDBITS,OXKURKXR,3815,5402,11,-0.6489697058080894,7.839277006593088e-05,0.010731513911576285
STZDBITS,QKXNTIIB,3815,8501,11,-0.4011072918500973,0.0253292613033722,0.020096021219942254
STZDBITS,QVLMOEYE,3815,4202,2,0.5252212799500324,0.0005017449048593,0.022421131509748924
STZDBITS,UIFPPCLR,3815,8102,7,0.454984145955901,0.0060298660222111,0.015686586509546952
STZDBITS,XUOIQPFL,3815,5205,12,-0.4004036381988223,0.0283384048076594,0.01788426459458164
STZDBITS,ZXERAXWP,3815,4802,5,0.5790349212967425,0.0001735356006974,0.0282228093104401
SUOYXCHP,FDXPMYGF,2805,7907,5,0.4341011481843777,0.0072651035692706,0.025671607121182403
SUOYXCHP,GIKPEWTY,2805,7142,3,-0.431523014086158,0.0060899261636437,0.009532985751347912
SUOYXCHP,GKQIJYDH,2805,8501,10,0.4923099883607655,0.0042066934817233,0.02992609741029851
SUOYXCHP,JERHKLYW,2805,4601,9,0.4803179017602064,0.0046686738094916,0.003963755389972924
SUOYXCHP,LRVGFDFM,2805,3102,6,0.5111675870173223,0.0014426059486291,0.02851611157395551
SUOYXCHP,SDWAYPIK,2805,7207,5,0.432576327122687,0.0074961481664313,0.021461791574574035
SUOYXCHP,UXSPKBJR,2805,3206,10,0.5338764330075426,0.0016496124369383,0.0458116430363275
SUOYXCHP,WQMVCOEM,2805,2805,4,-0.4303722859514429,0.006995207372929,0.025273674010447254
SUOYXCHP,ZGJXVMNI,2805,3006,9,0.4651787959519937,0.0063762933984703,0.005616434453521594
TANNMIMB,ANWUJOKX,4302,4403,2,0.4946496015653343,0.0011763411058583,0.0042691794485061945
TANNMIMB,BLANHGYY,4302,9022,10,-0.4960914377525889,0.0038815825181542,0.005031174216623017
TANNMIMB,DEWLVASR,4302,3038,10,-0.473734287661064,0.0061658772141365,0.0002557541829288131
TANNMIMB,DJBLNPNC,4302,2805,8,0.4566729764963592,0.0066295040551064,0.046576430115919804
TANNMIMB,FTSVTTSR,4302,2529,2,-0.4845730074317025,0.0015316989593494,0.017729692224013747
TANNMIMB,GIKPEWTY,4302,7142,10,0.4214922889398673,0.0162787899661545,0.033898320364737895
TANNMIMB,MBSBZBXA,4302,2846,7,0.4538446675147179,0.0061736336152591,0.004049203147320519
TANNMIMB,PLMZALFA,4302,3024,8,0.5359414535038746,0.0010876691426629,0.0006271135332694496
TANNMIMB,RJGPVEXX,4302,2811,1,-0.5138506875681631,0.0005896570465779,0.02185442006276704
TANNMIMB,WPQXWHYO,4302,2811,8,-0.4374682420205248,0.0096733278882345,0.00022555681500356352
TGOELCAG,AHMDUILJ,7207,2102,7,-0.4665196317425205,0.0047289548547247,0.04633297518242168
TGOELCAG,ATLDMDBO,7207,2814,10,0.4140697879625874,0.0184732197805811,0.0005114629607665074
TGOELCAG,BEZYMBBT,7207,3207,10,0.4262411925035768,0.0149922210057377,0.04861627031633503
TGOELCAG,BUZIIBYG,7207,9403,10,0.4167762969471044,0.017646224737601,8.984279673895076e-05
TGOELCAG,CCLHWFWF,7207,6211,2,-0.4011992728920674,0.0102954974001714,0.0033485738742069573
TGOELCAG,FITUEHWN,7207,8714,3,0.513773596944738,0.0008218151196087,0.0028439104144301476
TGOELCAG,JERHKLYW,7207,4601,9,-0.5341948104259622,0.0013642375812441,0.02120315918451337
TGOELCAG,KEUWZRKO,7207,8102,12,-0.5295580071413164,0.0026178367206277,0.018228097929706356
TGOELCAG,SAHWCZNH,7207,2825,8,0.4834425492071418,0.0037741362021773,0.005680037734251101
UGEQLMXM,LSOIUSXD,8714,5111,10,0.4447190291556176,0.0107646841833019,0.027648902291197913
UGEQLMXM,QJQJSWFU,8714,3307,9,-0.5757978010489183,0.0004545909388979,0.0175791879952571
UGEQLMXM,QRKRBYJL,8714,2841,6,0.4376299307793798,0.0076027014437476,0.0489546818904577
UGEQLMXM,QSDCUCLB,8714,2710,1,-0.5360833079582084,0.0003032472700912,0.0026458471587235896
UGEQLMXM,RJGPVEXX,8714,2811,9,0.4242289997073345,0.013874060695523,0.03352965740443276
UGEQLMXM,SUOYXCHP,8714,2805,3,-0.4237193887731327,0.0071886631995918,0.027131271322450357
UGEQLMXM,WHPUAOID,8714,5512,7,-0.4184307561776986,0.0123655382514877,0.03664412915625851
UGEQLMXM,WQMVCOEM,8714,2805,8,-0.4604228731474141,0.0061426315392407,0.018858975698517185
UGEQLMXM,ZCELVYQU,8714,8461,2,0.4311477537956399,0.0054775586742792,0.0304534780894419
UIFPPCLR,APQGTRMF,8102,8105,5,-0.5057183547690464,0.0014079914247445,0.04968277602018615
UIFPPCLR,ATLDMDBO,8102,2814,11,-0.6284381604284808,0.0001532694196342,0.03618504913261514
UIFPPCLR,BUZIIBYG,8102,9403,12,0.5230683053751308,0.0030185614861032,0.023889507501917515
UIFPPCLR,LRVGFDFM,8102,3102,9,-0.5330498593693246,0.0014033693865083,0.00909621333754507
UIFPPCLR,LTOYKIML,8102,3909,1,0.4337747120038541,0.0046061930721263,0.010561381488448977
UIFPPCLR,NZKBIBNU,8102,5609,6,0.4159120853414034,0.0116402263159134,0.04172407264720739
UIFPPCLR,OKMBFVKS,8102,5705,7,0.4396748985709505,0.0082222182769603,0.0028725846645262674
UIFPPCLR,QKXNTIIB,8102,8501,4,-0.4919715683568348,0.0017058029372009,0.02792468388041681
UIFPPCLR,SAHWCZNH,8102,2825,5,0.5765368641877938,0.0001879116452793,0.0017660823326736792
UIFPPCLR,SDWAYPIK,8102,7207,8,-0.5430046268482184,0.0009057281837921,0.0014224627052988154
UIFPPCLR,SUOYXCHP,8102,2805,12,-0.4423199332347474,0.0143857556629376,0.003076323372982214
UIFPPCLR,TGOELCAG,8102,7207,9,0.5390879989508301,0.001207566959153,0.0017555279642476767
UIFPPCLR,VWMBASNE,8102,2811,7,0.4406163356624379,0.0080701055691872,0.003808209048655819
UQYUIVVR,AHMDUILJ,8501,2102,9,0.4497725287080661,0.0086361532806338,0.0006132099342272806
UQYUIVVR,BTMOEMEP,8501,3102,9,0.4611856817940905,0.0069069524536911,0.035693311309524786
UQYUIVVR,HXYSSRXE,8501,2836,3,-0.4009422581408064,0.0114211345891267,0.017475331191041926
UQYUIVVR,PLMZALFA,8501,3024,6,-0.6916737144990006,2.9877425952824773e-06,4.1549870180577224e-05
UQYUIVVR,QKXNTIIB,8501,8501,9,0.4117777373809396,0.0172661271412606,0.012649967519751525
UQYUIVVR,QSDCUCLB,8501,2710,8,-0.5211630735426219,0.0015752831700103,0.03588777108168365
UQYUIVVR,RCBZUSIM,8501,2805,8,0.4245209247900295,0.012335401481751,0.03786230504728321
UQYUIVVR,STZDBITS,8501,3815,12,-0.4702074902784566,0.0087407052198503,0.041748070915163596
UQYUIVVR,WPQXWHYO,8501,2811,5,-0.4273449856510095,0.0083373177060253,0.01895481634272191
UQYUIVVR,XIFHSOWQ,8501,8708,4,0.4002955514692173,0.0127647355888316,0.0008481582734773177
UXSPKBJR,BUZIIBYG,3206,9403,3,0.4585011295926703,0.0033298342529557,0.015572422534432449
UXSPKBJR,DUCMGGNW,3206,3806,2,0.4168051246497096,0.0074619690061868,0.00048703884571799446
UXSPKBJR,FDXPMYGF,3206,7907,9,0.4055168753665495,0.0192171867008082,0.020734363594950175
UXSPKBJR,KEUWZRKO,3206,8102,1,0.6149657459072227,1.8844725943211124e-05,1.5422007647609702e-06
UXSPKBJR,LTOYKIML,3206,3909,1,0.430690811164365,0.0049390418955104,0.018734904762946897
UXSPKBJR,VWMBASNE,3206,2811,5,-0.4879833353929844,0.0021850002827719,0.0040710833690004245
UXSPKBJR,XIFHSOWQ,3206,8708,5,0.4049838226338979,0.0129031118116908,0.009260686552951163
UXSPKBJR,XIPPENFQ,3206,2501,3,-0.4966520997230882,0.0012998930582232,0.04871611751356248
VBYCLTYZ,ANWUJOKX,8505,4403,8,-0.5641893641959748,0.0005102618829782,0.036069127927851885
VBYCLTYZ,APQGTRMF,8505,8105,2,-0.4044584781745592,0.0096378459535287,0.04107487829305329
VBYCLTYZ,ATLDMDBO,8505,2814,7,0.4812057546755615,0.0034285237550913,0.013027515215808723
VBYCLTYZ,BLANHGYY,8505,9022,12,0.570532704818091,0.0009946008256535,0.007953728067969968
VBYCLTYZ,BSRMSVTC,8505,2805,12,0.5929018440881462,0.0005549847478696,0.004810392565340624
VBYCLTYZ,BUZIIBYG,8505,9403,7,0.4288532377929639,0.0101538773939028,0.012500659303234329
VBYCLTYZ,DBWLZWNK,8505,5602,7,0.4941036286901204,0.0025547159210578,0.03666249798907843
VBYCLTYZ,DJBLNPNC,8505,2805,10,-0.4027291010420572,0.0222962888942165,0.0168004155675572
VBYCLTYZ,HXYSSRXE,8505,2836,8,0.4837791571613026,0.0037464218793646,0.04072676643998089
VBYCLTYZ,LSOIUSXD,8505,5111,3,-0.4002378753743876,0.0115801831247216,0.04576370189643089
VBYCLTYZ,OGAFEHLU,8505,7202,10,0.4284291054627345,0.0144287165086244,0.005985001914535698
VBYCLTYZ,ROACSLMG,8505,8505,11,-0.5001670796690276,0.0041660169609732,0.000765583215174004
VBYCLTYZ,SAHWCZNH,8505,2825,5,0.4184433680056773,0.0099544129447679,0.04333778376232967
VBYCLTYZ,UIFPPCLR,8505,8102,11,-0.4725137473746168,0.0072716309128404,0.029889071394140418
VBYCLTYZ,WQMVCOEM,8505,2805,1,0.5110598604533569,0.0006389627662602,0.013434824365720898
VBYCLTYZ,YSYHGLQK,8505,2807,5,0.4719295012333316,0.003189308447704,0.001884905241343401
VMAQSTJE,AANGBULD,8527,4810,5,0.4595578963560194,0.0042173486093949,0.0063929362620432795
VMAQSTJE,BLANHGYY,8527,9022,9,-0.5509820124217818,0.0008907325309678,0.004467822713532013
VMAQSTJE,BSRMSVTC,8527,2805,8,0.5533820885614653,0.0006870517023006,0.014184595602138497
VMAQSTJE,DJBLNPNC,8527,2805,8,-0.4713817334608249,0.0048914023140494,0.035001056475702556
VMAQSTJE,OJIFIHMZ,8527,3815,4,0.4635552800869944,0.003377246951523,0.012274911185719937
VMAQSTJE,OXKURKXR,8527,5402,12,-0.4241163938971586,0.0195041810765877,0.0203840509677735
VMAQSTJE,WHPUAOID,8527,5512,12,0.4380566126900919,0.0154707743950086,0.016398207933612442
VUAFAIYJ,ATLDMDBO,6101,2814,8,-0.6213914196109611,8.778343291858973e-05,0.021660683921425592
VUAFAIYJ,BUZIIBYG,6101,9403,8,-0.4204342654509937,0.013294274926312,0.009369708364905234
VUAFAIYJ,CCLHWFWF,6101,6211,11,-0.4530932648336134,0.0104766152260244,7.754332663383632e-05
VUAFAIYJ,EVBVXETX,6101,3404,1,-0.402881387111341,0.0090109068002249,0.030596174743586363
VUAFAIYJ,FTSVTTSR,6101,2529,12,0.4389629375898522,0.0152345940987224,0.014178769981487503
VUAFAIYJ,GIKPEWTY,6101,7142,7,-0.4852581468410843,0.0031296166024764,0.005503724908230384
VUAFAIYJ,JPBRUTWP,6101,3904,9,0.4159782559242338,0.0160519762456671,0.000717433094328458
VUAFAIYJ,LPHPPJUG,6101,3824,8,-0.4800757520851552,0.0040612395967909,0.017924549976957044
VUAFAIYJ,LSOIUSXD,6101,5111,3,-0.4420010009095919,0.004844521599759,0.010638109579882586
VUAFAIYJ,NZKBIBNU,6101,5609,9,0.423576247328879,0.0140368116949226,0.02602106888086199
VUAFAIYJ,ROACSLMG,6101,8505,8,-0.4421889842034682,0.0088325243939679,0.010883129970760934
VUAFAIYJ,STZDBITS,6101,3815,9,-0.4032403484125539,0.0199705352698857,0.03245332246005249
VUAFAIYJ,UIFPPCLR,6101,8102,8,-0.4086027055494367,0.0164306859724159,0.0247157073818743
VUAFAIYJ,VBYCLTYZ,6101,8505,12,0.4241691051102503,0.0194874380486825,0.005501113747148971
VWMBASNE,CCLHWFWF,2811,6211,10,-0.4500914671414473,0.0097434839309565,7.156907438495375e-05
VWMBASNE,GKQIJYDH,2811,8501,10,-0.4541581725546654,0.009026048491908,0.020220666274944794
VWMBASNE,LRVGFDFM,2811,3102,11,-0.5156952811806248,0.0029850538016297,0.009591390710050027
VWMBASNE,LSOIUSXD,2811,5111,9,0.467560733161969,0.0060766593759137,0.028367585557629228
VWMBASNE,UGEQLMXM,2811,8714,12,-0.4448621179913143,0.013769493153887,0.0369029406235794
VWMBASNE,VUAFAIYJ,2811,6101,6,-0.4284373350504382,0.009134848030334,0.025630479493134167
VWMBASNE,XIFHSOWQ,2811,8708,9,0.4298247393933123,0.0125427162085024,0.026572973337200552
VWMBASNE,ZCELVYQU,2811,8461,7,-0.4854956846789863,0.003112821118517,0.0022866748765731928
VWMBASNE,ZGJXVMNI,2811,3006,5,-0.5062204932527199,0.0013901017442286,0.038138538140764934
WBLJNPZQ,CCLHWFWF,5309,6211,3,0.4733837975879528,0.0023365279242086,0.012082520724821333
WBLJNPZQ,JBVHSUWY,5309,1210,7,0.4340411819264526,0.0091845460826776,0.016497467398575424
WBLJNPZQ,LSOIUSXD,5309,5111,8,-0.4551584862690225,0.0068352992573949,0.008917234137937418
WBLJNPZQ,UQYUIVVR,5309,8501,11,0.4432476861169388,0.012510763171688,0.025939177216228595
WBLJNPZQ,VUAFAIYJ,5309,6101,8,0.7516056061249159,3.005171572048046e-07,0.008760026436554135
WBLJNPZQ,WPQXWHYO,5309,2811,3,0.4417112010828636,0.0048757390347354,0.0023503377173233406
WHPUAOID,FDXPMYGF,5512,7907,3,0.4209318410768323,0.0076204840103684,0.03138675689358181
WHPUAOID,JPBRUTWP,5512,3904,12,0.4582981305701432,0.0108663654519968,0.013753660017420535
WHPUAOID,MIRCVAMV,5512,4408,9,-0.4452826577112703,0.0094106545651367,0.03604514025574653
WHPUAOID,UQYUIVVR,5512,8501,6,0.5759942240165351,0.0002369365797661,0.00993649593391022
WHPUAOID,WBLJNPZQ,5512,5309,7,0.6054764875341804,0.0001163009102771,0.029821880729261147
WHPUAOID,XUOIQPFL,5512,5205,6,-0.4056431857104123,0.0141073383964948,0.03434000740972275
WHPUAOID,ZGJXVMNI,5512,3006,7,0.472938980555141,0.0041158928454075,0.0389937845082507
WPQXWHYO,AHMDUILJ,2811,2102,3,0.47229345723602,0.0023992478072416,0.0032235105414801994
WPQXWHYO,BEZYMBBT,2811,3207,1,-0.4458746623893499,0.0034813511818059,0.026135658641069214
WPQXWHYO,BUZIIBYG,2811,9403,6,-0.4202252738223768,0.010718803595259,0.033938212713629276
WPQXWHYO,FDXPMYGF,2811,7907,10,-0.4120890329613914,0.0190986317852106,0.014026227944543331
WPQXWHYO,FITUEHWN,2811,8714,10,0.4923978247429561,0.004198884094308,0.026315255615071448
WPQXWHYO,SNHYOVBM,2811,3824,12,0.4118089741720759,0.0237519867156834,0.015106274206364567
WPQXWHYO,TANNMIMB,2811,4302,2,-0.6584102018025372,3.8744198630481744e-06,0.010366414324631344
WPQXWHYO,UGEQLMXM,2811,8714,12,-0.4766018506923271,0.0077522112412672,0.03924588692185544
WPQXWHYO,UQYUIVVR,2811,8501,4,0.4979625689258398,0.0014659074824422,0.04889917975434732
WPQXWHYO,WBLJNPZQ,2811,5309,7,0.5399497793872579,0.0008144396485813,0.03178576715370601
WPQXWHYO,WQMVCOEM,2811,2805,1,0.542715152505655,0.0002464428211388,0.028338835481018326
WPQXWHYO,ZXERAXWP,2811,4802,9,-0.5499182661282589,0.000915729283403,0.012901349161508174
WQMVCOEM,ANWUJOKX,2805,4403,8,0.4351109874302516,0.0101179804604942,0.021202347414088253
WQMVCOEM,BUZIIBYG,2805,9403,6,0.4111742219382216,0.0127288371250921,0.001895257789284186
WQMVCOEM,DBWLZWNK,2805,5602,1,-0.4249068330099693,0.005619959499357,0.022254778965420174
WQMVCOEM,DDEXPPXU,2805,2807,9,-0.4355557810088813,0.0112922691175842,0.047233450028099526
WQMVCOEM,DUCMGGNW,2805,3806,1,-0.4047980737927255,0.0086586598015993,0.00977476553960179
WQMVCOEM,FTSVTTSR,2805,2529,6,0.4558188742486626,0.0052089473223974,0.024363858846922708
WQMVCOEM,SUOYXCHP,2805,2805,4,0.4517345987286268,0.0044134225062657,0.006787119412177158
WQMVCOEM,UGEQLMXM,2805,8714,3,-0.4331499826140194,0.0058800901037346,0.002026082088913375
WQMVCOEM,UQYUIVVR,2805,8501,4,-0.4796868010388295,0.0023081112727687,0.04230688616098201
WQMVCOEM,WBLJNPZQ,2805,5309,6,0.5084641990789684,0.0015437594768451,0.008039712434415348
WQMVCOEM,WHPUAOID,2805,5512,8,0.4543075456612024,0.0069533075450436,0.04743515472089127
XIFHSOWQ,DNMPSKTB,8708,2811,11,-0.5654494003685971,0.0009170119372825,0.007147455947120741
XIFHSOWQ,FCYBOAXC,8708,3824,11,-0.4246200283697274,0.0172685541623447,0.03647180178173697
XIFHSOWQ,FDXPMYGF,8708,7907,4,0.4074224995103551,0.011121851717636,0.02666808238450379
XIFHSOWQ,FRHNWLNI,8708,2846,12,0.5343109527676009,0.0023543009358922,0.026539526067118083
XIFHSOWQ,FTSVTTSR,8708,2529,3,0.549492814555244,0.0002911233671808,0.014570857740904443
XIFHSOWQ,JPBRUTWP,8708,3904,4,-0.5579418915704566,0.0002730514073325,0.028454027508175075
XIFHSOWQ,LTOYKIML,8708,3909,3,0.4340082206140827,0.0057719380715035,0.0465713296112249
XIFHSOWQ,ZXERAXWP,8708,4802,12,-0.4281211198434562,0.0182654833720727,0.04646309182391665
XIIEJNEE,BJALXPFS,3815,2847,1,-0.4731008034133607,0.0017849668459542,0.03389622012923521
XIIEJNEE,DDEXPPXU,3815,2807,1,0.431294046564468,0.0048723378474891,0.015023767559288947
XIIEJNEE,FWUCPMMW,3815,2701,9,-0.5269741387214838,0.0016279164520527,0.024813768105809028
XIIEJNEE,KEUWZRKO,3815,8102,12,-0.4314392316558562,0.0172891186931698,0.009951085448112853
XIIEJNEE,OJIFIHMZ,3815,3815,3,-0.4348618082962833,0.0056660814192196,0.02845428870137664
XIIEJNEE,VMAQSTJE,3815,8527,12,0.4532891728303984,0.011881896075016,0.0016135484629496643
XIIEJNEE,ZXERAXWP,3815,4802,1,-0.4334065677635099,0.0046448730070523,0.04618136469794081
XIPPENFQ,APQGTRMF,2501,8105,10,0.430539332662094,0.0139021134996459,0.04521763791649054
XIPPENFQ,AXULOHBQ,2501,5515,11,0.4834138358898642,0.0058696986434291,0.024355640921416163
XIPPENFQ,BLANHGYY,2501,9022,12,0.4880960525022486,0.0062124002981569,0.029823170316947405
XIPPENFQ,LRVGFDFM,2501,3102,8,0.4121211520375843,0.0154392771959635,0.03358573610957648
XIPPENFQ,RAWUKQMJ,2501,2916,1,-0.5072663515250329,0.0007118805823539,0.038363717982091705
XIPPENFQ,ZXERAXWP,2501,4802,4,0.5012899445931907,0.0013459621169679,0.016177319632706143
XMKRPGLB,AANGBULD,2529,4810,8,0.4370618517125291,0.0097487811417626,0.04625480318203209
XMKRPGLB,BSRMSVTC,2529,2805,2,-0.7298124655882059,9.13114904862808e-08,0.023167577131284933
XMKRPGLB,DUCMGGNW,2529,3806,7,0.4725684260368116,0.0041493113505484,0.037270048632683565
XMKRPGLB,IGDVVKUD,2529,3824,12,0.4736372333932437,0.008198054289921,0.011808084630899747
XMKRPGLB,QVLMOEYE,2529,4202,8,0.5094547534887264,0.0020881847796563,0.0135124012771075
XMKRPGLB,ROACSLMG,2529,8505,3,0.4485713349537129,0.0041817891943919,0.02186991874525238
XMKRPGLB,VMAQSTJE,2529,8527,9,0.4885544511146867,0.0039171539770503,0.004214330709415353
XMKRPGLB,WBLJNPZQ,2529,5309,1,-0.4580685451646388,0.0025984527040182,0.02021460307012794
XMKRPGLB,XIIEJNEE,2529,3815,9,0.4686558333544388,0.0059429975534853,0.04276386544592542
XUOIQPFL,BSRMSVTC,5205,2805,7,-0.4245050685231228,0.0110319033396883,0.035538518236521856
XUOIQPFL,JPBRUTWP,5205,3904,11,-0.447308547893176,0.0116349187540722,0.046429628504657865
XUOIQPFL,LRVGFDFM,5205,3102,11,-0.4263006050621127,0.0167854102251829,0.01331774224159772
XUOIQPFL,LSOIUSXD,5205,5111,12,0.4564133801276208,0.0112395791608438,0.004611696402844444
XUOIQPFL,QVLMOEYE,5205,4202,4,-0.4185483711513293,0.008917436329695,0.00069010459836047
XUOIQPFL,STZDBITS,5205,3815,2,-0.4313466850405266,0.0054536163889158,0.02111284190305446
YSYHGLQK,DEWLVASR,2807,3038,9,0.494389709133987,0.0034501267748325,0.0025813697505891603
YSYHGLQK,DJBLNPNC,2807,2805,6,0.4222717114841858,0.0103037580796923,0.033867224008808955
YSYHGLQK,FDXPMYGF,2807,7907,8,0.4914147124023871,0.0031633270204643,0.028664350272980626
YSYHGLQK,HXYSSRXE,2807,2836,9,0.545749760303639,0.001019735755297,0.005174444384409267
YSYHGLQK,JERHKLYW,2807,4601,5,-0.5087706160343747,0.0013023053410295,0.035982256402747805
YSYHGLQK,RUVXNNVA,2807,2612,10,-0.4068232722112602,0.0208471370160315,0.027865961632431064
YSYHGLQK,TANNMIMB,2807,4302,12,0.4054315379329741,0.0262348955898691,0.0035981456416305313
YSYHGLQK,WQMVCOEM,2807,2805,2,0.4288475151661318,0.005761083996794,0.011411720787885887
YSYHGLQK,XIFHSOWQ,2807,8708,12,0.5170730772444736,0.0034346299339504,0.037772625391729084
YSYHGLQK,XIPPENFQ,2807,2501,10,-0.4363419523404984,0.012536387738072,0.03961542263792901
ZCELVYQU,BEZYMBBT,8461,3207,4,0.5193052916433964,0.0008349933226147,0.02115569265927304
ZCELVYQU,CCLHWFWF,8461,6211,9,0.4335115405672399,0.0117256494167251,0.001414860757070513
ZCELVYQU,DEWLVASR,8461,3038,2,0.4405897979221805,0.0044365632238263,0.04363813418266822
ZCELVYQU,FITUEHWN,8461,8714,6,0.5731771578500439,0.0002583178035316,0.046094517704456016
ZCELVYQU,NZKBIBNU,8461,5609,12,0.4189651778616069,0.0211986455575254,0.04852503490315441
ZCELVYQU,QRKRBYJL,8461,2841,4,0.5540099757849326,0.0003078709316623,0.029002567931284296
ZCELVYQU,UGEQLMXM,8461,8714,9,0.5584727242639966,0.0007310808294916,0.04349787358513152
ZCELVYQU,ZGJXVMNI,8461,3006,12,-0.4501483439909537,0.0125583418298768,0.032031289084689725
ZGJXVMNI,APQGTRMF,3006,8105,6,0.4927368237912616,0.00226532760103,0.0011527526672025664
ZGJXVMNI,GIKPEWTY,3006,7142,12,-0.470170385108437,0.0087467377700659,0.0012971152718730375
ZGJXVMNI,LRVGFDFM,3006,3102,6,0.4075352455750438,0.0136222763743113,0.00032327832410487974
ZGJXVMNI,LTOYKIML,3006,3909,6,0.5330502427591994,0.0008161765112998,0.0451333673435386
ZGJXVMNI,MBSBZBXA,3006,2846,1,0.6018861536189407,3.144296921712102e-05,0.028784799955436927
ZGJXVMNI,SAHWCZNH,3006,2825,11,-0.4617875568993858,0.0089191846576672,0.03741329620692975
ZGJXVMNI,SUOYXCHP,3006,2805,1,-0.5235040055472232,0.0004442577763618,0.012099416353711387
ZGJXVMNI,UIFPPCLR,3006,8102,12,-0.4151227372270905,0.0225399649928566,0.0015596599043393585
ZGJXVMNI,VWMBASNE,3006,2811,6,-0.4046797383076457,0.0143598742467764,0.0016516171410639402
ZGJXVMNI,XUOIQPFL,3006,5205,9,0.409456129595912,0.0179693954523778,0.0292469727724394
ZGJXVMNI,ZCELVYQU,3006,8461,12,-0.5620143290856898,0.0012288100374349,0.007099554352496491
ZKENOUDA,AHMDUILJ,2805,2102,5,-0.4195473256645478,0.0097403806220327,0.02105905479487349
ZKENOUDA,DNMPSKTB,2805,2811,12,-0.5038881259947293,0.004526198139527,0.009190106917912295
ZKENOUDA,DUCMGGNW,2805,3806,7,0.4772661199052932,0.0037425499384926,0.03982595628989957
ZKENOUDA,FDXPMYGF,2805,7907,7,0.4023222819179246,0.0165768404726242,0.024985675313882825
ZKENOUDA,FTSVTTSR,2805,2529,5,-0.6046931254062174,7.37045264164201e-05,0.04091718987148081
ZKENOUDA,GIKPEWTY,2805,7142,12,-0.5496030181755795,0.0016557045685525,0.012914320366373268
ZKENOUDA,JPBRUTWP,2805,3904,5,-0.4119531930459805,0.01129539366441,0.037208864866909656
ZKENOUDA,MBSBZBXA,2805,2846,2,-0.6325228894515453,1.1933815311860642e-05,0.004964699743353712
ZKENOUDA,OKMBFVKS,2805,5705,12,-0.4110355693438232,0.024042416227624,0.026902803790371004
ZKENOUDA,TANNMIMB,2805,4302,3,0.509022390487291,0.0009355684587346,0.003703766824488693
ZKENOUDA,UQYUIVVR,2805,8501,9,-0.5125825172850255,0.0022890448082655,0.0427736958246599
ZKENOUDA,UXSPKBJR,2805,3206,10,0.4868777085613183,0.0047145940124757,0.004978934335921157
ZKENOUDA,XIFHSOWQ,2805,8708,1,0.5672265228899083,0.0001101345050529,0.010307337923142966
ZXERAXWP,EVBVXETX,4802,3404,4,-0.498475090294129,0.0014468391292298,0.046244583658582174
ZXERAXWP,FCYBOAXC,4802,3824,12,0.4624656644050655,0.0100779296548163,0.046861408780231865
ZXERAXWP,HXYSSRXE,4802,2836,11,-0.4236303935954534,0.0175584237805226,0.027969916070005672
ZXERAXWP,LPHPPJUG,4802,3824,12,0.4599362524889422,0.010550493744772,0.017710071481008418
ZXERAXWP,MIRCVAMV,4802,4408,3,-0.4604919308580297,0.0031785872187237,0.015345812125612396
ZXERAXWP,RJGPVEXX,4802,2811,5,0.4584436713608799,0.0043226690794367,0.004595335407533453
ZXERAXWP,WPQXWHYO,4802,2811,12,0.5664188035879504,0.0011023213150333,0.027645174543337352
ZXERAXWP,XIFHSOWQ,4802,8708,8,-0.4393711507590335,0.0093265776682334,0.02308617552522755
ZXERAXWP,XIPPENFQ,4802,2501,6,0.4470398697233341,0.0062676193257623,0.006079965702395342
